pathc,Node,0,1,2,3,4,5,6,7,8,9,10,11,12,13,14,15,16,17,18,19,20,21,22,23,24
hsa00010,N0,0.0,0.0,0.0,0.0,0.0,0.0,0.0,0.0,0.0,0.0,0.0,0.0,0.0,0.0,0.0,0.0,0.0,0.0,0.0,0.0,0.0,0.0,0.0,0.0,0.0
hsa00020,N1,0.00012343263,-7.0965143e-06,0.00021963155,-2.8300385e-06,0.0020141322,-4.49267e-06,0.0,0.00010318259,0.00015231661,0.0,0.0,-4.408227e-06,0.0,0.00045983744,0.0,0.0,7.7649835e-05,0.00010160601,3.599441e-05,0.0,0.0002737466,9.44496e-05,0.0,0.00013337616,0.0007287952
hsa00030,N2,-1.0676595e-05,-1.8967131e-06,0.0,-8.7147e-05,-0.0001687182,-7.254016e-05,-7.103735e-05,0.0,0.0,0.0,0.0,0.0,0.0,-9.308613e-05,0.0,0.0,0.0,-2.5927828e-05,0.0,0.0,-3.5535766e-05,-1.9981391e-05,0.0,0.0,-0.00010363261
hsa00040,N3,0.0,0.0,0.0,0.0,0.0,0.0,0.0,0.0,0.0,0.0,0.0,0.0,-1.1854035e-05,0.0,0.0,-0.03482461,0.0,0.0,0.0,0.0,0.0,0.0,0.0,0.0,-0.0029783994
hsa00051,N4,-0.00041785114,0.0,0.0,-0.0004994919,-0.0043496527,-0.000510095,-0.0012732751,0.0,0.0,0.0,0.0,0.0,3.1954954e-05,2.8940216e-05,0.0,0.0,0.0,-0.0001425932,-0.00024694734,0.0,-0.00041992316,-0.00015700555,0.0,-0.00022407425,-0.00090108707
hsa00052,N5,0.0,0.0,0.0,0.0,0.0,0.0,0.0,0.0,0.0,0.0,0.0,0.0,0.0,0.00032198793,0.0,0.0,0.0,0.0,0.0,0.0,0.0,0.0,0.0,0.0,0.0017191658
hsa00053,N6,0.0,0.0,0.0,0.0,0.0,0.0,-1.164779e-05,0.0,0.0,0.0,0.0,0.0,0.0,0.0,0.0,0.0,0.0,0.0,0.0,0.0,0.0,0.0,0.0,0.0,-0.0011286997
hsa00061,N7,1.9709842e-05,2.2918324e-05,0.0,1.7850693e-05,0.0,0.0,0.0,0.0,0.0,0.0,0.0,0.0,0.0,2.1650621e-05,0.0,0.0,0.0,5.9988056e-06,0.0,0.0,0.0,0.0,0.0,0.0,0.0
hsa00062,N8,8.9081324e-05,0.0,0.0,0.00012649702,0.0,8.7792214e-05,0.0,0.0,0.0,0.0,0.0,0.0,0.0,0.00014271028,0.0,0.0,0.0,1.2530206e-05,0.0,0.0,0.0,0.0,0.0,0.0,0.00014213962
hsa00071,N9,0.0,0.0,0.0,0.0,0.0,0.0,0.0,0.0,0.0,0.0,0.0,0.0,0.0,0.0,8.150168e-05,0.0,0.0,0.0,0.0,0.00094808906,0.0,0.0,6.247623e-05,0.0,0.0
hsa00100,N10,4.274004e-05,0.0,0.0,0.00013159776,0.0004266407,3.4805296e-05,5.981392e-05,0.0,0.0,0.0,0.0,4.6571175e-05,0.0,0.00012558498,0.0,0.0,0.0,3.7425074e-05,4.5949342e-05,0.0,2.97792e-05,0.0,0.0,4.1021514e-05,0.00011757233
hsa00120,N11,0.0,0.0,0.0,0.0,0.0,0.0,0.0,0.0,0.0,0.0,0.0,0.0,0.0,0.0,0.0,0.0,0.0,0.0,0.0,0.0,0.0,0.0,0.0,0.0,0.0
hsa00130,N12,0.0,0.0,0.0030231094,0.0,0.0,0.0,0.0,0.00086954626,0.0,0.0,0.0,0.0,0.0,0.0,0.0,0.0,0.0,0.00089114887,0.0,0.0,9.255101e-05,0.0,0.0,0.0,0.0
hsa00140,N13,1.0602376e-05,1.8474393e-05,0.005866112,4.3865675e-05,0.0,3.586753e-05,0.0,0.00018269732,0.0,1.5030855e-06,1.2581337e-06,2.6124908e-08,1.4384469e-05,4.472079e-05,0.0,0.0,0.0,1.2338486e-05,0.0,2.4119501e-05,1.0057831e-05,0.0,0.00045138327,0.0,2.496563e-05
hsa00190,N14,0.0,0.0004936665,0.0,0.0006772292,0.0040545827,7.564998e-05,0.00024098491,0.0,0.0,0.0,0.014915073,0.0003641683,0.0,0.0,0.0,0.0,0.0,0.0018326764,0.00085694663,0.0,0.0011064048,0.0,0.0,0.0,0.0013743114
hsa00220,N15,0.0,0.0,0.0,0.0,0.0,0.0,0.0,0.0,0.0,0.0,0.0,0.0,0.0,0.0,0.0,0.0,0.0,0.0,0.0,0.0,0.0,0.0,0.0,0.0,1.5101016e-05
hsa00230,N16,0.0003827885,0.0,0.0,0.0,0.0,0.0,0.0,0.0,0.0,0.0,0.0,0.0,2.0592073e-05,0.0,0.0,0.0,0.00041254176,0.0,0.0,0.0,0.0009389172,0.0,0.0,0.0,0.0
hsa00232,N17,0.0,0.0,0.0,0.0,0.0,0.0,0.0,0.0,0.0,0.0,0.0,0.0,0.0,0.0,0.0,0.008082946,0.0,0.0,0.0,0.0,0.0,0.0,0.0,0.0,0.0
hsa00240,N18,0.0,0.0,0.0,0.0,0.0,0.0,0.0,0.0,0.0,0.0,0.0,0.0,0.0,0.0,0.0,0.0,0.0,0.0,0.0,0.0,0.0,0.0,0.0,0.0,0.0
hsa00250,N19,0.0,0.0,0.0,0.0,0.0,0.0,0.0,0.0,0.0,0.0,0.0,0.0,0.0,0.0,0.0,0.0,0.0,0.0,0.0,0.0,0.0,0.0,0.0,0.0,9.991678e-05
hsa00260,N20,0.0,0.0,0.0,0.0,0.0,0.0,0.0,0.0,0.0,0.0,0.0,0.0,0.0,0.0,0.0,0.0,0.0,9.590703e-05,0.0,0.0,0.0,0.0,0.0,0.0,0.0
hsa00270,N21,0.0,0.0,0.0,0.0,0.0,0.0,0.0,0.0,0.0,0.0,0.0,0.0,0.0,0.0,0.0,0.0,0.0,0.0,0.0,0.0,0.0,0.0,-0.00015585695,0.0,0.0
hsa00280,N22,0.0,0.0,0.0,0.0,0.0,0.0,0.0,0.0,0.0,0.0,0.0,0.0,0.0,0.0,0.0,0.0,0.0,0.0,0.0,0.0,0.0,0.0,0.0,0.0,0.0
hsa00290,N23,0.0,0.0,0.0,0.0,0.0,0.0,0.0,0.0,0.0,0.0,0.0,0.0,0.0,0.0,0.0,0.0,0.0,0.0,0.0,0.0,0.0,0.0,0.0,0.0,0.0
hsa00310,N24,0.0,0.0,0.0,0.0,0.0,0.0,0.0,0.0,0.0,0.0,0.0,0.0,0.0,0.0,0.0,0.0,0.0,0.0,0.0,0.0010564943,0.0,0.0,0.0,0.0,0.0
hsa00330,N25,0.0,0.0,0.0,0.0,0.0,0.0,0.0,0.0,0.0,0.0,0.0,0.0,0.0,0.0,0.0,0.0,0.0,-0.0022460201,0.0,0.0,0.0,0.0,0.0,0.0,-0.0004988506
hsa00340,N26,0.0,0.0,0.0,0.0,0.0,0.0,0.0,0.0,0.0,0.0,0.0,0.0,0.0,0.0,0.0,0.0,0.0,2.3212793e-05,0.0,0.0,0.0,0.0,0.0,0.0,6.713746e-06
hsa00350,N27,0.0,0.0,0.0,0.0,0.0,0.0,0.0,0.0,0.0,0.0,0.0,0.0,0.0,0.0,-0.000111617104,0.0,0.0,0.0,0.0,-0.002307266,0.0,0.0,-0.003647347,0.0,-0.00018375693
hsa00360,N28,0.0,0.0,0.0,0.0,0.0,0.0,0.0,0.0,0.0,0.0,0.0,0.0,0.0,0.0,0.0,0.0,0.0,0.0,0.0,0.0,0.0,0.0,0.0,0.0,1.09012135e-05
hsa00380,N29,0.0,0.0,0.0,0.0,0.0,0.0,0.0,0.0,0.0,0.0,0.0,0.0,0.0,0.0,0.0,0.0,0.0,6.5079206e-05,0.0,0.0,0.0,0.0,0.0,0.0,0.0
hsa00400,N30,0.0,0.0,0.0,0.0,0.0,0.0,0.0,0.0,0.0,0.0,0.0,0.0,0.0,0.0,0.0,0.0,0.0,0.0,0.0,0.0,0.0,0.0,0.0,0.0,0.0
hsa00410,N31,0.0,0.0,0.0,0.0,0.0,0.0,0.0,0.0,8.31827e-06,0.0,0.0,0.0,0.0,0.0,0.0,0.0,0.0,0.0,0.0,0.0,0.0,0.0,0.0,0.0,0.0
hsa00430,N32,0.0,0.0,0.0,0.0,0.0,0.0,0.0,0.0,7.705891e-05,0.0,0.0,0.0,0.0,0.0,0.0,0.0,0.0,0.0,0.0,0.0,0.0,0.0,0.0,0.0,0.0
hsa00440,N33,0.0,0.0,0.0,0.0,0.0,0.0,0.0,0.0,0.0,0.0,0.0,0.0,0.0,0.0,0.0,0.0,0.0,0.0,0.0,0.0,0.0,0.0,0.0,0.0,0.0
hsa00450,N34,0.0,0.0,0.0,0.0,0.0,0.0,0.0,0.0,1.27973235e-05,0.0,0.0,0.0,0.0,0.0,0.0,0.0,0.0,0.0,0.0,0.0,0.0,0.0,0.0,0.0,0.0
hsa00470,N35,0.0,0.0,0.0,0.0,0.0,0.0,0.0,0.0,-0.00043743988,0.0,0.0,0.0,0.0,0.0,0.0,0.0,0.0,0.0,0.0,0.0,0.0,0.0,0.0,0.0,0.0
hsa00480,N36,0.0,0.0,0.0,0.0,0.0,0.0,0.0,0.0,0.0,0.0,0.0,0.0,0.0,0.0,0.0,0.0,0.0,0.0,0.0,0.0,0.0,0.0,0.0,0.0,0.0
hsa00500,N37,7.587978e-06,-0.00026713512,0.0,-0.0002484451,-0.00035879496,-0.00019060772,0.0,6.345927e-06,0.0,0.0,0.0,0.0,1.461954e-05,-0.00031690867,0.0,-0.0046391464,0.0,-5.0956387e-05,9.354083e-06,0.0,0.0,0.0,0.0,0.0,-0.00014090484
hsa00510,N38,0.0,0.0,0.0,0.0,0.0,0.0,3.4720401e-06,0.0,0.0,0.0,0.0,0.0,0.0,0.0,0.0,0.0,0.0,1.4051435e-05,0.0,0.0,0.0,0.0,0.0,0.0,0.0
hsa00511,N39,0.0,0.0,0.0,-0.000100502344,-0.00024653188,-7.786737e-05,0.0,0.0,0.0,0.0,0.0,0.0,0.0,0.0,0.0,0.0,0.0,-5.4878925e-05,0.0,0.0,0.0,0.0,0.0,0.0,-0.00014124451
hsa00512,N40,0.0,0.0,0.0,0.0,0.0,2.7188846e-05,0.0,0.0,0.0,0.0,0.0,0.0,0.0,0.0,0.0,0.0,0.0,0.00071908184,0.0,0.0,0.0,0.0,0.0,0.0,0.0
hsa00513,N41,0.0,0.0,0.0,0.0,-6.420536e-05,-3.0979472e-06,1.2785794e-05,0.0,0.0,0.0,0.0,0.0,0.0,0.0,0.0,0.0,0.0,0.0,0.0,0.0,0.0,0.0,0.0,0.0,-5.0563107e-05
hsa00514,N42,-0.00015588751,0.0,-0.04061698,-0.0002304143,-0.03235341,-0.000157501,-3.41514e-05,0.0,0.0,0.0,0.0,0.0,0.0,0.0,0.0,0.0,0.0,-0.0060427207,0.0,0.0,0.0,0.0,0.0,0.0,-0.0027613984
hsa00515,N43,0.0,0.0,0.0,0.0,0.0,0.0,0.0,0.0,0.0,0.0,0.0,0.0,0.0,0.0,0.0,0.0,0.0,0.0,0.0,0.0,0.0,0.0,0.0,0.0,0.0
hsa00520,N44,0.0,0.0,0.0,0.0,-0.00040187105,-2.8506274e-05,0.0,0.0,0.0,0.0,0.0,0.0,0.0,0.0,0.0,0.0,0.0,0.0,0.0,0.0,0.0,0.0,0.0,0.0,-0.00021381826
hsa00524,N45,0.0,0.0,0.0,6.764544e-05,0.0,6.562313e-05,0.0,0.0,0.0,0.0,0.0,0.0,0.0,6.511844e-05,0.0,0.0,0.0,6.410941e-05,0.0,0.0,0.0,0.0,0.0,0.0,6.738177e-05
hsa00531,N46,0.0,0.0,0.03193953,0.0,0.0,0.0,0.0,0.0,0.0,0.0,0.0,0.0,0.0,0.0,0.0,0.0,0.0,0.0030145033,0.0,0.0,0.0,0.0,0.0,0.0,0.0
hsa00532,N47,0.0,0.0,-0.0029041981,0.0,0.0,0.0,0.0,0.0,0.0,0.0,0.0,0.0,0.0,0.0,0.0,0.0,0.0,-0.0004134297,0.0,0.0,0.0,0.0,0.0,0.0,0.0
hsa00533,N48,0.0,0.0,0.0,0.0,0.0012981544,-0.00020528297,0.0,0.0,0.0,0.0,0.0,0.0,0.0,0.0,0.0,0.0,0.0,-0.0001509507,0.0,0.0,0.0,0.0,0.0,0.0,0.00086148886
hsa00534,N49,0.0,0.0,0.0,-0.00013690563,0.0,-0.00015718937,0.0,0.0,0.0,0.0,0.0,0.0,0.0,0.0,0.0,0.0,0.0,-0.00013432864,0.0,0.0,0.0,0.0,0.0,0.0,-0.00030264776
hsa00561,N50,0.0,0.0,0.0,0.0,0.0,0.0,0.0,0.0,0.0,0.0,0.0,0.0,0.0,0.0,0.0,0.0,0.0,0.0,0.0,0.0,0.0,0.0,0.0,0.0,0.0
hsa00562,N51,3.526223e-05,-0.00028667485,-0.00012405789,0.0004939686,0.0015826235,0.00022748442,5.2908304e-05,2.471911e-07,5.1611532e-06,-0.00011685114,-0.0088320235,0.00035242218,-4.774976e-06,0.000544496,-6.1580045e-06,0.0,0.0,-1.2827788e-06,-2.5369873e-05,-0.00026893115,7.237583e-05,-1.1362585e-05,1.648262e-05,-1.037115e-05,0.0006293268
hsa00563,N52,0.0,0.0,0.0,0.0,0.0,0.0,0.0,0.0,0.0,0.0,0.0,0.0,0.0,0.0,0.0,0.0,0.0,0.0,0.0,0.0,0.0,0.0,0.0,0.0,0.0
hsa00564,N53,0.0,0.0,0.0,4.794581e-05,0.00013988873,4.0529034e-05,6.249805e-05,0.0,0.0,0.0,0.0,0.0,0.0,0.0,0.0,0.0,0.0,9.995049e-06,0.0,0.0,0.0,0.0,0.0,0.0,0.00011063787
hsa00565,N54,0.0,0.0,0.0,0.0,0.0,0.0,0.0,0.0,0.0,0.0,0.0,0.0,0.0,0.0,0.0,0.0,0.0,0.0,0.0,0.0,0.0,0.0,0.0,0.0,0.0
hsa00590,N55,0.0,-1.4512287e-07,0.0,0.0,0.0,0.0,0.0,0.00032704778,0.0,0.0,0.0,0.0,0.0,0.0,0.0,0.0,0.0,0.0,3.9299543e-06,0.0,0.0,0.0,0.0,3.5797137e-07,-3.24146e-06
hsa00591,N56,-1.6712609e-06,1.9227335e-05,-0.00014129089,-3.5837063e-05,-3.9747025e-05,-9.467778e-06,0.0,0.0,0.0,4.0484018e-05,3.6390095e-06,-1.0147287e-05,0.0,-3.847769e-05,-2.4581436e-06,0.0,0.0,-6.394816e-06,-9.8762175e-06,0.0,0.0,-6.019436e-06,0.0,-5.2245405e-06,-2.3100612e-05
hsa00592,N57,0.0,0.0,0.0,0.0,0.0,0.0,0.0,0.0,0.0,0.0,0.0,0.0,0.0,0.0,0.0,0.0,0.0,0.0,0.0,0.0,0.0,0.0,0.0,0.0,0.0
hsa00600,N58,0.0,0.0,0.0,0.0,0.0,-3.407917e-07,0.0,0.0,0.0,0.0,0.0,0.0,0.0,-5.2156415e-06,0.0,0.0,0.0,0.0,0.0,0.0,0.0,0.0,0.0,0.0,0.0
hsa00601,N59,0.0,0.0,0.0,0.0,0.0,0.0,0.0,0.0,0.0,0.0,0.0,0.0,0.0,0.0,0.0,0.0,0.0,0.0,0.0,0.0,0.0,0.0,0.0,0.0,0.0
hsa00603,N60,0.0,0.0,0.0,0.0,0.0,0.0,0.0,0.0,0.0,0.0,0.0,0.0,0.0,0.0,0.0,0.0,0.0,0.0,0.0,0.0,0.0,0.0,0.0,0.0,0.0
hsa00604,N61,-1.4628772e-06,0.0,0.0,-6.7946103e-06,-1.3916542e-05,-1.0377121e-06,0.0,0.0,0.0,0.0,0.0,0.0,0.0,0.0,0.0,0.0,0.0,-1.5916392e-05,0.0,0.0,0.0,0.0,0.0,0.0,-5.9852105e-06
hsa00620,N62,-4.7628215e-05,-0.00018350013,2.0318643e-05,3.925318e-05,0.00035540905,0.00010279039,5.904334e-05,1.1137992e-05,3.7210873e-05,0.0,0.0,-3.2039305e-05,0.0,-0.0007188605,0.0007900276,0.0,0.0,1.9929405e-05,-0.0001781151,0.008204476,2.5883939e-05,5.6051094e-06,-0.0008441068,-0.000105745494,0.0006511639
hsa00630,N63,0.0,0.0,0.0,0.0,0.0,0.0,0.0,0.0,0.0,0.0,0.0,0.0,0.0,0.0,0.0,0.0,0.0,0.0,0.0,0.0,0.0,0.0,0.0,0.0,0.0
hsa00640,N64,0.0013134792,0.0017817346,0.0010736563,0.0003577802,0.0,0.00026876753,0.0,0.00058854173,0.00079052534,0.0,-0.004472567,0.0,0.0,-0.00034931308,0.0,-0.007896978,0.0,0.0005774121,0.0,0.0,0.0007499312,0.00046965852,0.0,0.0011160853,0.00045339187
hsa00650,N65,-3.23843e-05,0.0,8.602928e-06,0.00039233634,0.0,0.0003092381,-3.1804844e-05,0.0,0.0,3.8894912e-05,0.0015321559,0.00012236358,1.3537214e-05,0.00039670806,0.0,0.0,0.0,8.56365e-05,8.463056e-06,0.0,0.000116922696,0.00010915469,0.0,0.0,0.00051462994
hsa00670,N66,0.0,0.0,0.0,0.0,0.0,0.0,0.0,0.0,0.0,0.0,0.0,0.0,0.0,0.0,0.0,0.0,0.0,0.0,0.0,0.0,0.0,0.0,0.0,0.0,0.0
hsa00730,N67,0.0,0.0,0.0,0.0,0.0,0.0,0.0,0.0,0.0,0.0,0.0,0.0,0.0,0.0,0.0,0.0,0.0,0.0,0.0,0.0,0.0,0.0,0.0,0.0,0.0
hsa00740,N68,0.0,0.0,0.0,0.0,0.0,0.0,0.0,0.0,0.0,0.0,0.0,0.0,0.0,0.0,0.0,0.0,0.0,0.0,0.0,0.0,0.0,0.0,0.0,0.0,0.0
hsa00750,N69,0.0,0.0,0.0,0.0,0.0,0.0,0.0,0.0,0.0,0.0,0.0,0.0,0.0,0.0,0.0,0.0,0.0,0.0,0.0,0.0,0.0,0.0,0.0,0.0,0.0
hsa00760,N70,6.246223e-06,0.0,0.0,3.0513736e-05,0.0,0.00010570994,0.0,0.0,0.0,0.0,0.0,0.0,0.0,0.0,0.0,0.0,0.0,-8.1997474e-05,0.0,0.0,0.0,0.0,0.0,0.0,0.0006799359
hsa00770,N71,0.0,0.0,0.0,0.0,0.00021212027,1.34668e-05,0.0,0.0,0.0,0.0,0.0,0.0,0.0,0.0,0.0,0.0,0.0,0.0,0.0,0.0,4.6478315e-05,0.0,0.0,0.0,0.0
hsa00780,N72,0.0,0.0,0.0,0.0,0.0,0.0,0.0,0.0,0.0,0.0,0.0,0.0,0.0,0.0,0.0,0.0,0.0,0.0,0.0,0.0,0.0,0.0,0.0,0.0,0.0
hsa00785,N73,0.0,0.0,0.0,0.0,0.0,0.0,0.0,0.0,0.0,0.0,0.0,0.0,0.0,0.0,0.0,0.0,0.0,0.0,0.0,0.0,0.0,0.0,0.0,0.0,0.0
hsa00790,N74,-9.508269e-05,0.0,0.004195572,0.0,-0.0018821451,-0.00017556736,0.0,-0.01076607,0.0,0.0,0.0,0.0,0.0,0.0,0.0,0.0,0.0,-0.00018126715,0.0,0.0,0.0,0.0,0.0,0.0,0.0
hsa00830,N75,0.0,0.0,0.0,0.0,0.0,0.0,0.0,-0.00060525804,0.0,0.0,0.0,0.0,0.0,0.0,0.0,0.0,0.0,0.0,0.0,0.0,0.0,0.0,-0.00018255608,0.0,-0.0003034249
hsa00860,N76,-6.155975e-05,0.0,-0.1407117,0.0,-0.027379002,-0.0033532656,0.0,-0.006614752,0.0,0.0,0.0,0.0,0.0,0.0,0.0,0.0,0.0,-0.0614913,0.0,0.0,-0.006139115,0.0,-0.013367996,0.0,-0.014010835
hsa00900,N77,0.0,0.0,0.0,0.0,0.0029509694,0.0,0.0,0.0,0.00063807634,0.0,0.0,0.0,0.0,0.0,0.0,0.0,0.0,0.015934655,0.0,0.004072138,0.0,0.0,0.0,0.0,0.0
hsa00910,N78,0.0,0.0,0.0,-1.1765465e-05,-0.0035500769,-0.000117561896,0.0,0.0,0.0,0.0,0.0,0.0,0.0,0.0,0.0,0.0,0.0,-0.005744119,2.338087e-05,0.0,-0.0007064394,0.0,0.0,0.0,-0.0020344516
hsa00920,N79,0.0,1.753707e-05,0.0,0.0,0.0,0.0,0.0,0.0,0.0,0.0,0.0,0.0,0.0,0.0,0.0,0.0,0.0,0.0,1.5380749e-05,0.0,0.0,0.0,0.0,0.0,5.501656e-05
hsa00970,N80,0.0,1.4215133e-05,0.0,0.0,1.8258412e-05,0.0,3.506384e-05,0.0,-3.19839e-06,0.0,0.0,0.0,0.0,0.0,0.0,0.0,0.0,0.0,-5.631823e-06,0.0,0.0,-1.6348164e-06,0.0,-3.1495738e-06,0.0
hsa00980,N81,0.00022003803,-4.4213466e-05,0.00049017346,0.00022477131,0.00028180663,0.00016413465,9.355332e-05,6.749428e-05,1.9441506e-05,0.00018394034,1.1049695e-05,6.355662e-05,0.0,0.0001363442,-4.5308636e-05,0.018257406,0.0,0.0001816754,0.00017772116,-0.00055750844,0.00011975364,0.00016842419,-0.0018416487,0.00021286655,-0.000112999274
hsa00982,N82,0.0,0.0,0.0,0.0,0.0,0.0,0.0,0.0,0.0,0.0,0.0,0.0,0.0,0.0,0.0,0.0,0.0,0.0,0.0,0.0,0.0,0.0,0.0,0.0,0.0
hsa00983,N83,-0.00048831216,-0.00047915563,0.00018314879,0.00032329973,0.0009104396,0.0003605429,0.0001541985,0.00038798104,1.2602388e-06,0.00031785338,-8.154842e-05,0.0002520913,0.00028653472,0.00035580364,0.0,-0.024223965,0.0,0.00038115476,0.00038789187,-0.0017682901,0.00045331783,0.00023657778,-0.0042008115,0.00024913086,0.0005142437
hsa01040,N84,-6.264107e-06,0.0,0.0,-1.3071861e-05,-3.7260925e-06,-1.1239863e-05,-1.8483856e-06,0.0,0.0,0.0,0.0,0.0,0.0,-1.6763356e-06,0.0,0.0,0.0,-8.787513e-07,0.0,0.0,0.0,0.0,0.0,0.0,-1.7016759e-05
hsa02010,N85,-0.00082521,-0.0014453026,0.0,0.0,0.0,0.0,0.0,-0.13014677,0.0,0.0,-0.105136305,-0.008383909,0.0,0.0,0.0,0.0,0.0,0.0,0.0,0.0,0.0,0.0,0.0,0.0,-0.014808231
hsa03008,N86,-3.030475e-06,-1.2823842e-06,-4.96723e-05,-5.8375244e-06,3.0265871e-06,-1.1548102e-05,0.0,1.3989238e-05,-2.33065e-05,0.0,-2.1675605e-06,-3.4798963e-05,1.762191e-05,-1.0272868e-05,0.0,0.0,0.0,-7.2525345e-06,-3.6030362e-06,0.0,-1.4911389e-05,-1.1935326e-06,0.0,-2.2397173e-05,-2.5262034e-05
hsa03010,N87,-2.6293258e-06,0.0,0.0,0.0,0.0,-1.3268176e-05,0.0,0.0,0.0,0.0,0.0,0.0,0.0,0.0,0.0,0.0,-2.0545318e-05,-0.0005469641,0.0,0.0,0.0,0.0,0.0,0.0,-0.00018398828
hsa03013,N88,0.0,0.0,-3.4985837e-06,0.0,0.0,0.0,0.0,0.0,9.421607e-06,0.0,0.0,0.0,0.0,0.0,0.0,0.0001152297,0.0,0.0,0.0,0.0,0.0,0.0,0.0,0.0,0.0
hsa03015,N89,0.0,0.0,0.0,0.0,0.0,0.0,0.0,0.0,0.0,0.0,0.0,0.0,0.0,0.0,0.0,0.0,0.0,0.0,0.0,0.0,4.9560673e-05,0.0,0.0,0.0,0.0002609682
hsa03018,N90,0.0,0.0,0.0,0.0,0.0,0.0,0.0,2.7908827e-06,-1.0456847e-06,0.0,0.0,0.0,0.0,0.0,0.0,0.0,0.0,0.0,2.1488319e-07,0.0,-1.9573304e-07,0.0,0.0,0.0,0.0
hsa03020,N91,8.0159025e-06,0.0,0.0,0.0,0.0,0.0,0.0,0.0,0.0,0.0,0.0,0.0,0.0,0.0,0.0,0.0,0.0,0.0010711076,0.0,0.0,0.0,0.0,0.0,0.0,0.0
hsa03022,N92,0.0,0.0,0.0,0.0,0.0,0.0,0.0,0.0,0.0,0.0,0.0,0.0,0.0,0.0,0.0,0.0,-6.7705025e-07,0.0,0.0,0.0,0.0,0.0,0.0,0.0,0.0
hsa03030,N93,-2.323817e-05,0.0,0.0,0.0,0.0,-5.898559e-05,0.0,0.0,0.0,0.0,0.0,0.0,0.0,0.0,0.0,0.0,0.0,-0.0019463949,0.0,0.0,0.0,0.0,0.0,0.0,-0.0006028973
hsa03040,N94,0.0,0.0,0.0,0.0,0.0,0.0,0.0,0.0,0.0,0.0,0.0,0.0,0.0,0.0,2.4058803e-05,0.0,1.06195785e-05,0.0023151592,0.0,0.0,0.0,0.0,0.0,0.0,0.0
hsa03050,N95,-9.700608e-07,1.5812655e-05,0.0005935031,3.5219182e-05,1.13036085e-05,1.2430068e-05,0.0,1.0542984e-05,3.3809105e-05,0.0,0.0,0.0,0.0,2.2075481e-05,0.0,0.0,0.0,3.9229864e-05,2.3929031e-05,4.1602096e-05,3.145021e-05,2.6400146e-05,0.0,3.935299e-05,3.210879e-05
hsa03060,N96,-1.0219825e-10,0.0,0.0,1.5081831e-08,0.0,-7.6870435e-08,0.0,0.0,-4.421446e-07,0.0,0.0,0.0,0.0,-1.2357287e-07,0.0,0.0,0.0,-2.915342e-07,-4.3989917e-07,0.0,-7.612069e-08,-6.1977434e-10,0.0,-6.1774716e-07,-1.9905953e-07
hsa03320,N97,0.0,0.0,0.0,0.0,0.0,0.0,0.0,0.0,0.0,0.0,0.0,0.0,0.0,0.0,0.0,0.0,0.0,0.0,0.0,0.0,0.0,0.0,0.0,0.0,0.0
hsa03410,N98,0.0,0.0,0.0,0.0,0.0,0.0,0.0,0.0,0.0,0.0,0.0,0.0,0.0,0.0,0.0,0.0,0.0,0.0,0.0,0.0,0.0,0.0,0.0,0.0,0.0
hsa03420,N99,-9.477401e-07,0.0,0.0,0.0,0.0,-2.8164911e-06,0.0,0.0,0.0,0.0,0.0,0.0,0.0,0.0,0.0,0.0,0.0,-7.938132e-05,0.0,0.0,0.0,0.0,0.0,0.0,-2.8787632e-05
hsa03430,N100,0.0,0.0,0.0,0.0,0.0,0.0,0.0,0.0,0.0,0.0,0.0,0.0,0.0,0.0,0.0,0.0,0.0,0.0,0.0,0.0,0.0,0.0,0.0,0.0,0.0
hsa03440,N101,0.0,0.0,0.0,0.0,0.0,0.0,0.0,0.0,0.0,0.0,0.0,0.0,0.0,0.0,0.0,0.0,0.0,0.0,0.0,0.0,0.0,0.0,0.0,0.0,0.0
hsa03450,N102,0.0,0.0,0.0,0.0,0.0,0.0,0.0,0.0,0.0,0.0,0.0,0.0,0.0,0.0,0.0,0.0,0.0,-0.000121057994,0.0,0.0,0.0,0.0,0.0,0.0,-4.3901666e-05
hsa03460,N103,-7.519039e-06,0.0,0.0,0.0,0.0,-2.2345053e-05,0.0,0.0,0.0,0.0,0.0,0.0,0.0,0.0,0.0,0.0,0.0,-0.0006297837,0.0,0.0,0.0,0.0,0.0,0.0,-0.00022839097
hsa04010,N104,-7.715379e-06,0.0,-0.007932601,0.0,0.0,0.0,0.0,-0.000768869,0.0,0.0,0.0,0.0,0.0,0.0,0.0,0.0,0.0,-0.0011164517,0.0,0.0,0.0,0.0,0.0,0.0,0.0
hsa04012,N105,2.6390804e-05,0.0,0.0008535323,0.0,-0.00071584526,0.0,0.0,0.0069902595,0.0,0.0,-0.00042026033,0.0,0.0,0.0,0.0,0.0,0.0,-0.026356094,-9.986602e-06,-0.0025199922,0.0,0.0,0.0,0.0,0.0
hsa04014,N106,0.000147687,0.0,0.0,0.0,0.0,0.0,0.0,0.0,0.0,0.0,0.0,0.0,0.0,0.0,0.0,0.0,0.0,0.0,6.14738e-05,0.0,0.0,0.0,0.0,0.0,0.0
hsa04015,N107,0.00041582485,0.0,0.058621675,0.0,-0.0040025823,0.0,0.0,-0.030137517,0.0,0.0,-0.0318868,0.0,0.0,0.0,0.0,0.005190864,0.0,0.0009807915,0.0001206729,-0.004512846,0.0,0.0,0.0,0.0,0.0
hsa04020,N108,0.0,0.0,-0.37757492,0.0,-0.004036307,0.0,0.0,-0.078430146,0.0,0.0,-0.04690448,0.0,0.0,0.0,0.0,-0.005209657,0.0,-0.04728875,-4.0217954e-05,-0.010067958,0.0,0.0,0.0,0.0,0.0
hsa04022,N109,1.2763276e-05,0.0,-0.017158605,0.0,0.00013918926,0.0,0.0,0.0015031461,0.0,0.0,0.0014785765,0.0,0.0,0.0,0.0,0.0008594899,0.0,0.0008496565,1.1289666e-06,0.001091426,0.0,0.0,0.0,0.0,0.0
hsa04024,N110,-7.9628066e-05,0.0,-0.07790882,0.0,0.0016774319,0.0,0.0,-0.004837022,0.0,0.0,-0.0003995605,0.0,0.0,0.0,0.0,0.055958413,0.0,0.004659251,0.00017292037,0.0,0.0,0.0,0.0,0.0,0.0
hsa04060,N111,0.0,0.0,0.0,0.0,-0.0028145644,0.0,0.0,-0.0024475807,0.0,0.0,0.0,0.0,0.0,0.0,0.0,0.0,0.0,0.0,-0.0011741441,0.0,0.0,-2.0897314e-05,0.0,0.0,0.0
hsa04061,N112,0.0,0.0,0.0,0.0,0.0,0.0,0.0,0.00015412027,0.0,0.0,0.0,4.5649067e-05,0.0,0.0,0.0,0.0,0.0,0.0,0.0,0.0,0.0,0.0,0.0,1.5942718e-05,0.0
hsa04062,N113,0.0,0.0,-0.0024434922,-0.0020917626,-0.0021701073,0.0,0.0,-0.047683768,0.0,0.0,0.0,0.0,0.0,-0.0029868651,0.0,0.0,0.0,-0.0075823595,0.0,0.0,-0.004943455,-5.0225415e-05,0.0,0.0,0.0
hsa04064,N114,0.0,0.0,-0.01683185,0.0,0.0,0.0,0.0,-0.025691086,0.0,0.0,0.0,0.0,0.0,0.0,0.0,-0.02039562,0.0,0.0,0.0,0.0006443899,0.0,0.0,0.0,0.0,0.0
hsa04066,N115,0.0,0.0,-0.035819322,0.0,-0.0018778575,0.0,0.0,-0.025803467,0.0,0.0,0.0,0.0,0.0,0.0,0.0,-0.018371262,0.0,-0.0018004086,-9.0688976e-05,-0.0072837085,0.0,0.0,0.0,0.0,0.0
hsa04068,N116,-0.00030809813,0.0,0.0,0.0,-0.021536134,0.0,0.0,0.0,0.0,0.0,0.0,0.0,0.0,0.0,0.0,0.0,0.0,-0.014773039,-0.00015395896,0.0,0.0,0.0,0.0,0.0,0.0
hsa04070,N117,-0.0005160154,0.0,0.0,0.0,0.0,0.0,0.0,0.0,0.0,0.0,-0.09088658,0.0,0.0,0.0,0.0,0.0,0.0,0.0,0.0,0.0,0.0,0.0,0.0,0.0,0.0
hsa04071,N118,9.194022e-06,0.0,0.018250614,0.0,0.0,0.0,0.0,0.0020383317,0.0,0.0,0.0,0.0,0.0,0.0,0.0,0.0,0.0,0.005114486,0.0,0.0,0.0,0.0,0.0,0.0,0.0
hsa04072,N119,0.00029050093,0.0,0.0,0.0,0.0,0.0,0.0,0.06883338,0.0,0.0,0.0,0.0,0.0,0.0,0.0,0.0,0.0,0.03200532,0.0,0.0,0.0,0.0,0.0,0.0,0.0
hsa04080,N120,0.0,0.0,0.0,0.0,-7.0917224e-05,0.0,0.0,-0.0001594646,0.0,0.0,0.0,-1.3836317e-05,0.0,7.2676436e-08,0.0,5.9673832e-05,0.0,0.0,-1.3758732e-06,0.0,-1.1631819e-06,0.0,0.0,-7.874457e-07,0.0
hsa04110,N121,0.0,0.0,-0.0033661984,0.0,0.0,0.0,-5.338516e-07,0.0,0.0,0.0,0.0,0.0,0.0,0.0,0.0,0.0,0.0,-6.8686015e-05,3.4036555e-05,0.0,-0.000116315525,0.0,0.0,0.0,0.0
hsa04114,N122,0.0,0.0,-5.4574317e-05,0.0,0.0,0.0,0.0,0.0,0.0,0.0,0.0,0.0,0.0,0.0,0.0,0.0,0.0,0.0,0.0,0.0,0.0,0.0,0.0,0.0,0.0
hsa04115,N123,0.0,0.0,-0.003252704,0.0,0.0,-0.00019172658,-9.75486e-07,0.0,0.0,0.0,0.0,0.0,0.0,-0.00027595746,0.0,0.0,0.0,-0.004840156,0.00023974842,0.0,-0.00039998675,0.0,0.0,0.0,0.0
hsa04120,N124,0.0,0.0,0.0,0.0,0.0,0.0,0.0,0.0,0.0,0.0,0.0,0.0,0.0,0.0,0.0,0.0,0.0,0.0,-3.327252e-05,0.0,0.0,0.0,0.0,0.0,0.0
hsa04122,N125,0.0,3.325571e-06,0.0,0.0,0.0,-1.7951974e-05,0.0,0.0,0.0,0.0,0.0,0.0,0.0,0.0,0.0,0.0,0.0,-0.00010863472,0.0,0.0,0.0,3.1025563e-06,0.0,0.0,-7.2131705e-05
hsa04130,N126,0.0,0.0,0.0,0.0,0.0,3.7164412e-08,0.0,0.0,2.6689206e-08,0.0,0.0,0.0,0.0,3.2806152e-08,0.0,0.0,0.0,-3.0782555e-08,0.0,0.0,-4.0389615e-08,0.0,0.0,-1.0637557e-08,3.470484e-07
hsa04136,N127,0.0,0.0,0.0,0.0,0.0,0.0,0.0,0.0,0.0,0.0,0.0,0.0,0.0,0.0,0.0,0.0,0.0,0.0,0.00040141784,0.0,0.0,0.0,0.0,0.0,0.0
hsa04137,N128,0.0,0.0011035802,0.0,0.0,0.0,9.789186e-05,0.0,0.0,0.0,0.0,0.0,0.0,0.0,0.0,0.0,0.0,0.0,0.0,9.56124e-06,0.0,0.0,0.0,0.0,0.0,0.0
hsa04140,N129,0.0,0.0,0.0,0.0,0.0,2.95769e-05,0.0,0.0,0.0,0.0,0.0,0.0,0.0,0.0,0.0,0.0,0.0,-0.0065575214,0.0,0.0,0.0,0.0,0.0,0.0,0.0
hsa04141,N130,1.6033457e-07,4.8916693e-08,2.5044521e-05,5.3680023e-06,5.8109144e-06,2.5783327e-05,0.0,9.66915e-06,-2.654917e-06,1.4560193e-05,0.0,4.8484962e-05,0.0,2.6162525e-05,0.0,0.0,0.0,5.8550895e-06,-5.7808047e-06,1.2224896e-06,4.0120467e-06,-5.526592e-06,0.0,-2.6574988e-05,4.5613462e-05
hsa04142,N131,0.0,-0.00082207425,0.050691016,0.0,0.0,1.0176576e-05,0.0,0.0,0.0,0.0,0.0,0.0,0.0,0.0,0.0,0.0,0.0,0.0,9.225656e-06,0.0,0.0,0.0,0.0,0.0,0.0
hsa04144,N132,0.0,-8.247825e-05,0.026108317,0.0,0.0,0.0,0.0,0.0,0.0,0.0,0.0,0.0,0.0,0.0,0.0,0.0,0.0,-0.013749151,-0.00047931107,0.0,0.0,0.0,0.0,0.0,0.0
hsa04145,N133,0.0,0.0,0.0026193853,0.0,0.0,7.820123e-06,0.0,0.0,0.0,0.0,0.0,0.0,0.0,0.0,0.0,0.0,0.0,0.00081801147,0.0,0.0,0.0,0.0,0.0,0.0,0.0
hsa04146,N134,0.0,-0.0071809837,-0.12464835,0.0,0.0,-0.00040113318,0.0,0.0,0.0,0.0,0.0,0.0,0.0,0.0,0.0,0.0,0.0,0.0,-0.005361996,0.0,0.0,0.0,0.0,0.0,0.0
hsa04150,N135,-1.558337e-05,0.0,0.0,0.0,-0.00011111311,0.0,0.0,0.0,0.0,0.0,-0.0011509258,0.0,0.0,0.0,0.0,-0.0039408784,0.0,0.0,-3.8639086e-05,-0.0016255825,0.0,0.0,0.0,0.0,0.0
hsa04151,N136,0.0,0.0,0.0036462084,0.0,0.0,0.0,0.0,0.012403713,0.0,0.0,0.0,0.0,0.0,0.0,0.0,-0.11039068,0.0,0.0005077377,0.0,-0.026372109,0.0,0.0,0.0,0.0,0.0
hsa04152,N137,0.0,0.0,0.0,0.0,0.0,0.0,0.0,0.0,0.0,0.0,0.0,0.0,0.0,0.0,0.0,0.0,0.0,0.0,0.0,0.0,0.0,0.0,0.0,0.0,0.0
hsa04210,N138,0.0,0.0,0.05038596,0.0,0.0,0.0,-4.331818e-06,0.0,0.0,0.0,0.0,0.0,0.0,0.0,0.0,0.0,0.0,-0.0005718584,-0.00016882537,0.0,-0.0010859817,0.0,0.0,0.0,0.0
hsa04211,N139,0.0,0.0,0.0,-0.0007455499,0.0,0.0,0.0,0.0,0.0,0.0,0.0,0.0,0.0,0.0,0.0,0.0,0.0,0.00071303983,0.0,0.0,0.0,0.0,0.0,0.0,0.0
hsa04213,N140,0.0,0.00014273071,0.0,0.0015454306,0.0,0.0028118342,0.0,0.0,0.00065922446,0.0,0.0,0.0,0.0,0.0036282805,0.0,0.0,0.0010070576,0.022915171,0.0,0.0,0.0,0.00034356696,0.0,0.0038440963,0.009284262
hsa04215,N141,0.0,0.0,-0.01407244,0.0,0.0,-3.0053254e-05,0.0,0.0,0.0,0.0,0.0,0.0,0.0,-0.0009834924,0.0,0.0,0.0,-0.014222885,0.0,0.0,0.0,0.0,0.0,0.0,0.0
hsa04216,N142,0.0,0.0,0.0,0.0,0.0,0.0,0.0,0.0,0.0,0.0,0.0,0.0,0.0,0.0,0.0,0.0,0.0,0.0,0.0,0.0,0.0,0.0,0.0,0.0,0.0
hsa04217,N143,0.0,0.0,0.0,0.0,0.0,0.0,-4.0133427e-06,0.0,0.0,0.0,0.0,0.0,0.0,0.0,0.0,0.0,0.0,-0.0063459906,-0.0007468652,0.0,-9.587704e-05,0.0,0.0,0.0,0.0
hsa04218,N144,0.0,0.0,-0.008184293,0.0,0.0,3.3948004e-07,-3.1207899e-06,0.0,0.0,0.0,0.0,0.0,0.0,-0.00076437934,0.0,0.0,0.0,0.0,-0.0004554327,0.0,-0.00208568,0.0,0.0,0.0,0.0
hsa04260,N145,4.274451e-05,0.000105003004,0.017971955,0.0005244044,0.002212235,0.0014281304,-0.0014624435,0.030054828,0.00021192219,0.00012213673,-0.015822507,-0.0010506652,0.0010957625,0.00147598,0.0,0.02340734,0.0,0.0006828266,-0.0012728458,0.0066427765,0.001377862,0.00030371564,-0.0010321084,0.00048656185,0.0017992789
hsa04261,N146,-0.00015591543,0.00033802533,0.06605849,-0.0002135336,-0.00028626103,-0.00027350208,-0.00019780187,0.022547422,0.0014784471,-1.3060911e-05,-0.00037966028,0.0014646054,0.0012173511,-0.00020623126,0.0,0.020969499,0.00025666846,-0.00028411113,0.00021241036,-0.000563013,-0.00026182178,0.0006364129,0.00023138395,-0.00022312423,-0.00024878915
hsa04270,N147,0.0015755089,0.0036480199,-0.0050389823,0.004461757,0.009072915,0.0025743686,0.0029229699,-0.011855682,0.0029956994,-3.7150006e-05,-0.026050977,0.004144765,0.00030544406,0.0051424187,-1.1247992e-05,0.014019884,0.0013776161,0.0031225746,0.00515523,3.288855e-06,0.0076297955,0.00019198336,0.0004641147,0.0036440617,0.0070149982
hsa04310,N148,6.233157e-05,0.0,0.01900808,0.0,0.0,0.0,0.0,0.031982027,0.0,0.0,-0.0016169145,0.0,0.0,0.0,0.0,-0.002484004,0.0,-0.0028486832,0.0,0.0,0.0,0.0,0.0,0.0,0.0
hsa04330,N149,-7.43721e-05,0.0,0.10694821,0.0,0.0,0.0,0.0,0.032131676,0.0,0.0,0.0,0.0,0.0,0.0,0.0,0.0,0.0,-0.00012281796,2.6192754e-05,-0.000538967,0.0,0.0,0.0,0.0,0.0
hsa04340,N150,0.0,0.0,0.0,0.0,0.0,0.0,0.0,3.7780148e-05,0.0,0.0,0.0,0.0,0.0,0.0,0.0,0.0,0.0,0.0,0.0,0.0,0.0,0.0,0.0,0.0,0.0
hsa04350,N151,-1.613015e-05,0.0,0.0022244253,0.0,0.0,0.0,0.0,0.0038051791,0.0,0.0,0.0,0.0,0.0,0.0,0.0,0.0,0.0,-0.0012200542,0.0,0.0,0.0,0.0,0.0,0.0,0.0
hsa04360,N152,0.00041786884,0.0021354982,0.08784686,0.0,0.0,0.0,0.0,0.04227254,0.0,0.0,0.0,0.0,0.0,0.0,0.0,0.0,0.0,0.008299617,0.00066967064,0.015125006,0.0018317723,0.00024736856,0.0,0.0010318435,0.0042846627
hsa04370,N153,-6.872697e-06,0.0,0.0,0.0,-0.00036564659,0.0,0.0,0.0,0.0,0.0,-0.00024650563,0.0,0.0,0.0,0.0,0.0,0.0,-0.00081953197,-4.919717e-07,-0.00018860016,0.0,0.0,0.0,0.0,0.0
hsa04371,N154,-4.0200634e-05,0.0,-0.02663992,0.0,-0.0016203914,0.0,0.0,-0.01446512,0.0,0.0,-0.035520714,0.0,0.0,0.0,0.0,0.09583317,0.0,-0.0016470501,-0.00013816271,-0.019360255,0.0,0.0,0.0,0.0,0.0
hsa04380,N155,0.0,0.0,0.0,0.0,0.0,0.0,0.0,0.0,0.0,0.0,0.0,-0.0021010377,0.0,0.0,0.0,0.0,0.0,0.0,-0.011322672,0.0,0.0,0.0,0.0,-0.0031001496,0.0
hsa04390,N156,-4.7901244e-06,0.0,0.0,0.0,0.0,0.0,0.0,0.0,0.0,0.0,0.0,0.0,0.0,0.0,0.0,0.0,0.0,0.0,0.0,0.0,0.0,0.0,0.0,0.0,0.0
hsa04392,N157,0.000114404684,0.0,0.0,0.0,0.000997221,0.0,0.0,0.0,0.0,0.0,0.0,0.0,0.0,0.0,0.0,0.0,0.0,0.01880929,0.0,0.0,0.0,0.0,0.0,0.0,0.0
hsa04510,N158,0.0,0.0,-0.0001267874,0.0,0.0,0.0,0.0,0.0,0.0,0.0,0.0,0.0,0.0,0.0,0.0,0.0,0.0,-1.88308e-05,-8.710519e-05,0.0,0.0,0.0,0.0,0.0,0.0
hsa04512,N159,0.0,0.0,0.0,0.0,0.0,0.0,0.0,0.013850211,0.0,0.0,0.0,0.0,0.0,0.0,0.0,0.0,0.0,0.0,0.0,0.0,0.0,2.1322565e-05,0.0,0.0002192992,0.0
hsa04514,N160,0.0,0.0,0.0,0.0,-0.0064282054,0.0,0.0,-0.029832248,0.0,0.0,0.0,-0.0020647938,0.0,-4.1913398e-05,0.0,-0.047936205,0.0,0.0,-0.0032212068,0.0,-0.0009920185,-3.569902e-05,0.0,-0.000334344,0.0
hsa04520,N161,0.0,0.0,-0.00018838828,0.0,0.0,0.0,0.0,0.0,0.0,0.0,0.0,0.0,0.0,0.0,0.0,0.0,0.0,-1.7603797e-06,-1.6189999e-06,0.0,0.0,0.0,0.0,0.0,0.0
hsa04530,N162,0.0,0.0,-0.009773486,0.0,0.0,0.0,0.0,0.0,0.0,0.0,0.0,0.0,0.0,0.0,0.0,0.0,0.0,0.0,0.0,0.0,0.0,0.0,0.0,0.0,0.0
hsa04540,N163,0.0,0.0,-0.0006214641,0.0,0.0,0.0,0.0,0.0,0.0,0.0,0.0,0.0,0.0,0.0,0.0,0.0,0.0,-0.000120983204,0.0,0.0,0.0,0.0,0.0,0.0,0.0
hsa04550,N164,0.0,0.0,-0.001210145,0.0,0.0,0.0,0.0,0.0,0.0,0.0,0.0,0.0,0.0,0.0,0.0,0.0,0.0,-1.0986613e-05,-3.1274e-05,0.0,0.0,0.0,0.0,0.0,0.0
hsa04610,N165,-0.00039845036,-0.0006711052,0.0,0.0,0.0,0.0,0.0,0.0024212261,0.0,0.0,0.009449838,0.0,0.0,0.0,0.0,0.0,-0.00031092585,0.0,-0.0034864724,0.0,0.0,-0.00011667723,0.0013023602,2.9523728e-05,0.0
hsa04611,N166,0.0007994122,0.0036441418,0.0,0.0,0.0,0.0,0.0,0.022446131,0.00072769594,0.0,0.0,0.006558197,0.0,0.0011859597,0.0,0.0074518425,0.0,0.0,0.0028910546,0.0,0.0,0.0006912071,0.008026178,0.0,0.0
hsa04612,N167,0.0,-0.0007507554,-0.014282485,0.0,-0.0088330135,0.0,0.0,0.0,-0.0028270558,0.0,0.0,0.0,0.0,0.0,0.0,-0.04305895,0.0,-0.0050409604,-0.0009925223,-0.035136644,0.0,0.0,0.0,-0.0016883187,0.0
hsa04613,N168,1.2802797e-05,-0.000245591,-0.0003650057,-0.00036296135,0.0009812069,1.3848576e-05,0.00027534683,-0.0002344184,-0.00030438445,0.0,-0.0058772303,-0.0003105118,0.0,-0.00039163954,0.0,-0.001997732,0.0,0.00046927205,-0.0002840353,0.0013218722,-0.0005173619,-0.00020588469,-0.00036434142,-0.0001344582,-6.017571e-05
hsa04614,N169,0.0,0.0,0.0,0.0,0.0,0.0,0.0,0.0,0.0,0.0,0.0,0.0,0.0,0.0,0.0,0.0,0.0,-0.0009506222,0.0,0.0,0.0,0.0,0.0,0.0,0.0007490875
hsa04620,N170,0.0,0.0,0.0,-0.0019019784,-0.007777575,0.0,0.0,-0.007342658,-0.0036620013,0.0,0.0,0.0,0.0,-0.00236437,0.0,0.0,0.0,0.0,-0.00055107975,0.0,-0.0050362367,-0.00018911081,0.0,0.0,0.0
hsa04621,N171,0.0,-0.00017536755,0.0,0.0,0.0,-0.00022136312,0.0,0.0,0.0,0.0,0.0,0.0,0.0,0.0,0.0,0.0,0.0,0.0,0.0,0.0,-6.604311e-05,-0.00012366117,0.0,0.0,0.0
hsa04622,N172,-1.1806854e-05,-4.6757115e-05,0.0,-0.0003410288,-0.00020286003,0.0,-1.9369585e-05,0.0,-4.6167414e-05,0.0,0.0,0.0,0.0,-0.00037820134,0.0,0.0,0.0,-0.0057891654,0.0,0.0,-0.00021048423,0.0,0.0,0.0,0.0
hsa04623,N173,-4.417639e-05,0.0,0.0,-0.0007032743,-0.00091977924,0.0,-4.0977084e-05,0.0,0.0,0.0,0.0,0.0,0.0,-0.00027984715,0.0,0.0,-0.00019313773,-0.0027452721,0.0,0.0,-0.0009726848,0.0,0.0,0.0,0.0
hsa04625,N174,-0.0004335405,0.0004625088,0.000377759,0.00053822214,-0.0067129247,0.00038527427,0.000325869,-0.003606176,0.00038534618,0.0,0.006847418,-0.00019460845,0.0,0.0004495968,0.0,0.0,0.00026037777,-0.042866074,-0.0037508006,-0.029107261,0.00044538808,-0.0013927268,0.0,-0.0013647504,0.0010803447
hsa04630,N175,1.6801976e-05,0.0,0.0,0.0,0.00037006615,0.0,0.0,0.0014802823,0.0,0.0,0.010024988,0.0,0.0,0.0,0.0,0.0,0.0,0.0060115326,0.0,0.0,0.0,0.0,0.0,0.0,0.0
hsa04640,N176,-1.9071508e-06,-0.00043229206,-0.0013200023,-0.0006092293,0.00512342,-0.0004918894,0.000739623,0.0028449898,0.0022106618,0.0,0.017365266,0.0036652696,0.0,0.0016932009,0.0007034215,-0.004007914,0.00024459,-0.0004336016,-0.0004952194,-0.00095990027,-0.0006939835,-8.5574036e-05,-0.0007302058,0.0011760667,3.416932e-05
hsa04650,N177,-1.4843932e-05,0.0011761928,-0.030859495,-0.0024264352,0.0005156922,-0.0013314926,0.00057960127,0.0069560623,0.0014800668,3.3312343e-05,-0.026701145,0.0012530114,0.000106485124,-0.0012759608,0.0,-0.061001755,0.0002789733,0.0016034399,-0.00015689246,-0.012551368,0.0012200435,0.0006891857,0.0,0.00015145686,-0.006865492
hsa04657,N178,0.0,0.00022940907,0.00023367359,0.00033498261,-6.0186365e-05,0.00022424526,4.4629167e-05,0.000109184584,-5.8747937e-05,0.0,0.0,0.00059794565,0.0,0.0007039024,0.0,0.00013959921,0.0,-4.963659e-05,-6.579887e-05,-0.0001256077,0.00046714305,-5.1133437e-05,0.0,-7.9443984e-05,0.0008683522
hsa04658,N179,1.1302508e-06,0.0,0.003583898,0.0,0.004089765,0.00025029367,0.00018052435,0.0,0.00059458875,0.0,0.0,0.0,0.0,0.0023299148,0.0,0.0023850277,0.0,0.0,0.0,0.0,0.0048087207,0.0006270204,0.0,0.0,0.0
hsa04659,N180,0.0,-0.00024023016,0.0,0.0,0.0,0.0,0.0,0.0,0.0,0.0,0.0,0.0,0.0,0.0,0.0,0.0,0.0,-0.0062993392,0.0,-0.0030811485,0.0,0.0,0.0,0.0,0.0
hsa04660,N181,0.0,0.0,-0.0029666605,0.0,-0.010127344,0.0,0.0,0.0,-0.0007647959,0.0,0.0,-0.009772722,0.0,-0.0028191144,0.0,0.0,0.0,0.0,-0.0019139843,0.0,-0.0031648353,-0.001330724,0.0,-0.006497029,-0.010951883
hsa04662,N182,6.9809926e-07,0.0,0.0,4.147832e-05,0.0,8.2976265e-05,1.6832311e-05,0.0033372736,0.0,0.0,0.0,0.0,0.0,0.0005250784,0.0,0.0,0.0,0.00068598735,7.129959e-06,0.0,0.0005796865,0.0,0.0,0.000108156244,0.0
hsa04664,N183,0.0,0.0,0.0,0.0,0.004934406,0.0,5.1427396e-05,0.0,0.0,0.0,0.0,0.0,0.0,0.0008765606,0.0,0.0,0.0,0.0,0.0,0.0,0.0018783694,7.790452e-05,0.0,5.1808573e-05,0.0
hsa04666,N184,2.6145448e-05,-3.802368e-05,-0.0010280436,0.0004499073,-0.00022725858,-0.00011882319,0.00015728275,0.001869004,0.00033863008,0.0,0.0,0.00033559208,0.0,0.0005740302,-1.9604548e-05,-0.0029616246,0.0,0.003170776,0.0002678654,0.0001729402,0.00090882136,4.5312296e-05,0.0,0.00030608557,-0.00015344704
hsa04668,N185,0.0,0.0,0.0,0.0,0.0028528695,0.0,0.0,0.0,0.0,0.0,0.0,0.0,0.0,0.0,0.0,0.0,0.0,0.0,0.0,0.0,0.0,0.0,0.0,0.0,0.0
hsa04670,N186,2.5104473e-06,0.0,0.0,5.627208e-06,0.0,1.2644537e-05,3.9688784e-06,0.0,0.0,0.0,0.0,0.0,0.0,0.0,0.0,0.0,0.0,0.00019731358,1.2447425e-05,0.0,0.0,0.0,0.0,0.0,0.0
hsa04672,N187,-0.00010706516,-0.00039692956,0.00042043813,-0.0004742919,-0.0016402578,-0.00016629434,6.4819906e-05,-0.0052130646,-0.00020075637,0.0,0.0,0.0,0.0,-0.0010001365,-0.00029415058,0.0,0.00023170645,-0.00020257295,-0.00048093183,0.0,-0.0014280591,-0.00017957353,0.0,0.0,-0.0008415438
hsa04710,N188,0.0,0.0,0.0,0.00011678244,0.0,0.0,0.0,-0.00025373424,0.0,0.0,0.0,0.0,0.0,0.0,0.0,0.0,0.0,5.4798933e-05,0.0,0.0,0.0,0.0,0.0,0.0,0.0
hsa04713,N189,0.0,0.0,0.0,9.990349e-05,0.0,0.0,0.0,0.0073852376,0.0,0.0,0.0,0.0006644605,0.0,0.0,0.0,0.0,0.0,7.8645404e-05,5.52527e-05,0.0,0.00023768716,0.0,0.0,0.00014074662,0.0
hsa04714,N190,0.0,0.0,0.0,-0.00038413063,0.0,0.0,0.0,-0.00079167646,0.0,0.0,0.0,-0.0005567384,0.0,-0.00046216045,0.0,0.0,0.0,-6.5955755e-05,-3.089982e-05,0.0,-0.00012008916,-3.2057181e-07,0.0,-0.00026624257,0.0
hsa04720,N191,1.7463053e-05,0.00013676385,0.0004910334,0.0003053174,0.0007940716,6.3825166e-05,0.00012504324,0.00025328455,9.8719924e-05,6.551009e-05,0.0055812355,3.435732e-05,0.00018609008,0.00027741928,0.0,0.0043795034,3.6447207e-05,-1.0833963e-05,0.00027635397,-0.0029315127,0.00029138406,0.00019981498,-6.305367e-05,0.0003049674,0.00028291802
hsa04721,N192,0.0,0.0,0.0009995113,0.0,1.4409057e-05,0.0,0.0,0.0,0.0,0.0,0.0,0.0,0.0,0.0,0.0,0.0,0.0,0.0,1.738429e-05,0.0,0.0,0.0,0.00046609936,3.3089276e-05,9.564509e-05
hsa04722,N193,0.0,0.0,0.0,9.221205e-06,-2.9382536e-05,-0.0004558964,-0.0002197943,0.0,7.810376e-05,0.0,0.0,-0.00058922806,-1.0840204e-06,-0.0002876742,0.0,0.0,0.0,0.0,-0.00067969225,0.00013995495,0.0,0.0,0.0,-0.00014092092,0.0
hsa04723,N194,2.8654642e-05,4.7648136e-05,0.011379767,0.00020861928,0.00028782347,8.3973835e-05,7.1086804e-05,2.4042447e-05,0.0001225888,0.0,-0.0010186695,-8.758454e-05,0.00013175215,-9.3468254e-05,-2.7456746e-05,-0.00064217835,3.1615135e-05,1.109393e-05,-7.311838e-05,0.0,0.00012976647,3.1330062e-05,-7.386602e-06,-8.4484636e-05,0.001078643
hsa04724,N195,0.0011374017,0.0022567257,0.014435232,0.0024558739,0.0038460968,0.0008832526,0.0019533965,0.0011076378,0.0012187366,0.0,-0.0872847,0.0026932932,0.00032855573,1.8539838e-06,0.0010069314,-0.019826204,0.0009943746,0.0021020363,0.0010942393,0.013157131,0.0020873896,0.00095586316,-0.005466635,0.0006194853,0.006989628
hsa04725,N196,0.0,0.0,0.027532779,0.00033536088,0.0,0.0,0.0,0.0,0.0,0.0,0.0,0.0017107013,0.0,0.0018740216,0.0,0.0,0.0,0.0,0.0,0.0,0.0,0.0,0.0,0.0,0.0
hsa04726,N197,0.00047967618,0.00035513984,0.0067523154,-0.0002952854,0.0008119917,-1.675385e-05,0.0006249862,0.00068861985,0.0017228989,0.00089843327,0.00026454474,0.0026791021,-4.5222452e-05,0.000508248,-3.185135e-05,0.010191871,5.076329e-05,0.000498492,0.0018497768,0.0006732161,0.00087888446,0.00032673706,0.0035100197,0.0019228497,0.0019296516
hsa04727,N198,0.00014004241,-0.000122122,0.0001905195,-0.0001494993,4.7920403e-05,0.00011405842,-0.00022945054,0.000111179164,-0.0009952043,0.0,1.9810168e-05,0.00015642506,-8.709835e-05,0.00014669201,0.0,-0.011379102,8.64888e-05,0.00012324523,0.0001472815,0.0,0.00013743828,1.0528831e-05,0.00035361934,-0.0012284855,0.00021704925
hsa04728,N199,0.0004465251,0.00027203443,0.009564577,0.0010753707,0.0017306374,0.00036325605,0.0006152662,0.00043150724,0.00016911895,0.000117522315,-0.002446307,0.0006014049,0.00011174237,0.0006362643,0.0001323446,-0.0057795686,0.000110671186,0.0003203892,0.00042444523,4.434372e-07,0.0009995727,0.00012570906,-0.002387383,-2.5907444e-05,0.0007518559
hsa04730,N200,7.220755e-06,0.00017132898,-0.096911766,0.00013790559,0.00016249975,0.00013242674,0.00019002476,0.0001093162,0.00012678273,0.00011043127,-0.0937506,-0.0012537638,-1.6660954e-07,3.621075e-06,0.00014883913,-0.060939703,-0.0003479881,0.00014068188,0.0001474127,-0.0015692967,0.00022002839,0.00011359232,0.00024920734,1.8864277e-05,-0.0039952667
hsa04740,N201,-7.5473677e-06,-6.8060485e-06,-0.00058145117,-2.8913408e-05,-4.225292e-05,-2.6767986e-05,-1.5607347e-05,-3.3515753e-05,3.8642862e-05,0.0,0.0,3.736279e-05,-1.5818785e-05,-2.8288796e-05,0.0,0.0010731361,2.6295797e-06,-2.658111e-05,3.1057047e-05,0.0002710088,-2.8255718e-05,-1.2576281e-05,-4.0633655e-05,0.00027096772,-2.6497337e-05
hsa04742,N202,6.0396516e-05,-0.00015077455,-0.00021043906,0.00013055553,-0.00033789678,-0.00013806981,-9.53805e-05,-0.0012326557,-0.00010111269,0.0,0.0,-7.651254e-05,0.0,-0.00011375766,0.0,3.303299e-05,0.00015953668,0.014327947,-0.00013628879,-0.00037303788,-0.0001294137,6.3274114e-05,3.030635e-05,-0.00015636647,-0.0002634076
hsa04744,N203,0.0,0.0,0.0,0.0,0.0,0.0,0.0,0.0,0.0,0.0,0.0,0.0,0.0,0.0,0.0,0.0,0.0,0.0,0.0,0.0,0.0,0.0,0.0,0.0,0.0
hsa04750,N204,4.0492792e-05,-0.0010606855,-0.15244041,-0.010981705,-0.0068977457,-0.0044164974,-0.0046469844,-0.10315958,-0.007895602,0.0,0.0,0.0002531211,-0.00019178636,-0.012130548,-8.542465e-05,-0.0768679,-0.0001813054,-0.007667505,0.00039712279,-0.060657486,-0.016045509,-0.001033485,-0.00025531833,-0.00733787,-0.013153367
hsa04810,N205,0.0,0.0,-0.00049579644,0.0,0.0,0.0,0.0,0.0,0.0,0.0,0.0,0.0,0.0,0.0,0.0,0.0,0.0,0.0,0.0,0.0,0.0,0.0,0.0,0.0,0.0
hsa04910,N206,0.0,0.0,0.0,0.0,0.0,0.0,0.0,0.0,0.0,0.0,0.0,0.0,0.0,4.8058114e-06,0.0,0.0,0.0,0.0013020933,0.0,0.0,0.0,0.0,0.0,0.0,0.00095037586
hsa04911,N207,0.0,0.0,-0.10498602,0.0,0.0,0.0,0.0,0.0,0.0,0.0,0.0,0.0,0.0,-1.571487e-05,0.0,0.0,0.0,0.00058565504,0.0,0.0,0.0,0.0,0.0,0.0,-0.005036477
hsa04912,N208,0.0,0.0,-0.07139726,0.0,0.0,0.0,0.0,0.0,0.0,0.0,0.0,0.0,0.0,-3.6298217e-05,0.0,0.0,0.0,-0.036322802,0.0,0.0,0.0,0.0,0.0,0.0,-0.019557826
hsa04913,N209,0.0,0.0,0.0,0.0,0.0,0.0,0.0,0.0,0.0,0.0,0.0,0.0,0.0,0.0,0.0,0.0,0.0,-0.00027443003,0.0,0.0,0.0,0.0,0.0,0.0,0.0
hsa04914,N210,0.0,0.0,-0.0145045305,0.0,0.0,0.0,0.0,0.0,0.0,0.0,0.0,0.0,0.0,0.0,0.0,0.0,0.0,0.0,0.0,0.0,0.0,0.0,0.0,0.0,0.0
hsa04915,N211,0.0,0.0,0.0070362817,0.0,0.0,0.0,0.0,0.0,0.0,0.0,0.0,0.0,0.0,3.9981846e-06,0.0,0.0,0.0,0.00237858,0.0,0.0,0.0,0.0,0.0,0.0,0.0021448885
hsa04916,N212,0.0,0.0,0.0029600959,0.0,0.0,0.0,0.0,0.0,0.0,0.0,0.0,0.0,0.0,6.451644e-07,0.0,0.0,0.0,0.0,0.0,0.0,0.0,0.0,0.0,0.0,0.0
hsa04917,N213,0.0,0.0,-0.0060761296,0.0,0.0,0.0,0.0,0.0,0.0,0.0,0.0,0.0,0.0,0.0,0.0,0.0,0.0,0.0,0.0,0.0,0.0,0.0,0.0,0.0,0.0
hsa04918,N214,0.0,0.0,-0.0010576551,0.0,0.0,0.0,0.0,0.0,0.0,0.0,0.0,0.0,0.0,0.0,0.0,0.0,0.0,0.0,0.0,0.0,0.0,0.0,0.0,0.0,0.0
hsa04919,N215,0.0,0.0,0.0,0.0,0.0,0.0,0.0,0.0,0.0,0.0,0.0,0.0,0.0,0.0,0.0,0.0,0.0,0.00025910215,0.0,0.0,0.0,0.0,0.0,0.0,-0.0017160849
hsa04920,N216,0.0,0.0,0.0,0.0,0.0,0.0,0.0,0.0,0.0,0.0,0.0,0.0,0.0,0.0,0.0,0.0,0.0,0.0,0.0,0.0,0.0,0.0,0.0,0.0,0.0
hsa04921,N217,0.0,0.0,0.0,0.0,0.0,0.0,0.0,0.0,0.0,0.0,0.0,0.0,0.0,0.0,0.0,0.0,0.0,0.0,0.0,0.0,0.0,0.0,0.0,0.0,7.381679e-06
hsa04922,N218,0.0,0.0,0.0,0.0,0.0,0.0,0.0,0.0,0.0,0.0,0.0,0.0,0.0,-4.5857078e-06,0.0,0.0,0.0,-4.168764e-05,0.0,0.0,0.0,0.0,0.0,0.0,0.0
hsa04923,N219,0.0,0.0,0.0,0.0,0.0,0.0,0.0,0.0,0.0,0.0,0.0,0.0,0.0,-1.5068004e-05,0.0,0.0,0.0,0.0,0.0,0.0,0.0,0.0,0.0,0.0,0.0
hsa04924,N220,0.0,0.0,-0.07786229,0.0,0.0,0.0,0.0,0.0,0.0,0.0,0.0,0.0,0.0,0.0,0.0,0.0,0.0,-0.058270823,0.0,0.0,0.0,0.0,0.0,0.0,-0.029407911
hsa04925,N221,0.0,0.0,0.0,0.0,0.0,0.0,0.0,0.0,0.0,0.0,0.0,0.0,0.0,1.9462749e-07,0.0,0.0,0.0,0.0,0.0,0.0,0.0,0.0,0.0,0.0,8.9315734e-05
hsa04926,N222,0.0,0.0,-0.053125974,0.0,0.0,0.0,0.0,0.0,0.0,0.0,0.0,0.0,0.0,-6.406106e-06,0.0,0.0,0.0,0.0,0.0,0.0,0.0,0.0,0.0,0.0,0.0
hsa04927,N223,0.0,0.0,-0.00035193923,0.0,0.0,0.0,0.0,0.0,0.0,0.0,0.0,0.0,0.0,8.944345e-07,0.0,0.0,0.0,0.0,0.0,0.0,0.0,0.0,0.0,0.0,0.0
hsa04928,N224,0.0,0.0,0.0,0.0,0.0,0.0,0.0,0.0,0.0,0.0,0.0,0.0,0.0,0.0,0.0,0.0,0.0,0.0,0.0,0.0,0.0,0.0,0.0,0.0,0.0
hsa04929,N225,0.0,0.0,0.0,0.0,0.0,0.0,0.0,0.0,0.0,0.0,0.0,0.0,0.0,1.1069559e-06,0.0,0.0,0.0,0.0,0.0,0.0,0.0,0.0,0.0,0.0,0.0005244012
hsa04930,N226,-5.299964e-05,-0.0001254846,-0.0015915381,0.00061181,-0.00043679844,0.0004569157,0.0002755446,-0.0008957413,2.8044717e-05,0.0,0.0,-0.00018623468,1.8588316e-06,-0.00026037084,0.0,-8.058098e-05,0.0,0.0010299764,-0.00015112729,3.4757955e-05,0.00065261824,2.1579719e-05,0.0034522107,-0.00015484483,0.0013089963
hsa04931,N227,0.00036997435,-0.00019688006,0.0011476894,0.0007623096,0.0013260648,0.0006098747,0.000668033,0.0012370809,-0.0001471256,0.0,0.0,-0.00021540167,-0.00024513868,0.0007079532,0.0,0.020991031,0.0,0.00055633875,0.00062974176,0.003892492,0.0011243095,0.0003949044,7.977834e-05,0.00064949977,0.0013260636
hsa04932,N228,0.0,0.00024673197,0.0,0.00022373833,0.0,0.0,0.0,0.0,0.0,2.760492e-05,0.0,0.0,0.0,0.000987396,0.0,0.0,0.0,0.00014849163,0.0,0.0,0.0015868092,2.0695297e-05,0.0,0.0,0.0005578557
hsa04933,N229,0.0,-4.4433604e-05,0.0,0.0,0.0,0.0,0.0,0.0,0.0,0.0,-0.003245309,0.0,0.0,0.0,0.0,0.0,0.0,0.0,-1.0890891e-05,0.0,0.0,0.0,0.0,0.0,0.0
hsa04934,N230,8.586547e-06,1.40234715e-05,-0.0016982427,2.0429487e-05,3.351248e-05,1.5496615e-05,1.9554565e-05,1.8507933e-05,1.7297425e-05,3.1532022e-06,0.00020457663,1.4578778e-05,1.9185545e-06,1.6809816e-05,0.0,-2.814187e-05,-4.3551627e-06,1.5357142e-05,2.0531623e-05,0.00014903673,1.728954e-05,1.3224928e-05,-1.4336463e-05,1.616781e-05,-3.514824e-05
hsa04935,N231,0.0,0.0,0.015538305,0.0,0.0,0.0,0.0,0.0,0.0,0.0,0.0,0.0,0.0,3.3526774e-06,0.0,0.0,0.0,0.0,0.0,0.0,0.0,0.0,0.0,0.0,-0.004519048
hsa04936,N232,-0.00025096553,-0.0002169073,-0.006154461,-1.135704e-05,-0.00025936792,0.000248808,-0.000111638,0.00022540784,-0.00034882073,0.00038850357,0.0,-7.2168725e-05,0.0,0.00015732617,-0.00030594837,-0.0032293792,0.0,-0.00021754346,-0.00035835878,-0.0013834208,0.00015562761,4.7244102e-05,0.0018296549,-0.00016676653,-0.00033165468
hsa04940,N233,0.0,0.0,0.0,-2.1882512e-05,0.0,0.0,0.0,0.0,0.0,0.0,0.0,0.0,0.0,-4.8329523e-05,0.0,0.0,0.0,-6.7429733e-06,0.0,-0.00082953245,0.0,0.0,0.0,0.0,-1.564763e-05
hsa04950,N234,0.0,0.0,0.0,-0.00055621495,0.0,-0.00058754574,0.0,-0.010405177,0.0,0.0,0.0,0.0,0.0,-0.00058186596,0.0,0.0,0.0,0.0,0.0,0.0,-0.0021574432,0.0,0.0,0.0,0.0
hsa04960,N235,0.0,0.0,0.0,0.0,0.0,0.0,0.0,0.0,0.0,0.0,0.0,0.0,0.0,0.0,0.0,0.059688102,0.0,0.0,0.0,0.0,0.0,0.0,0.0,0.0014300649,0.0
hsa04961,N236,0.0,0.0,0.0,-0.0003392925,0.0,-0.0008120639,0.0,0.0,0.0,0.0,0.0,0.0,-0.0027518135,-0.0025018507,0.0,-0.14967543,0.0,0.0,0.0,0.0,0.0,0.0,0.0,0.0,0.0
hsa04962,N237,0.0,0.0,0.0,0.0,0.0,0.0,0.0,0.0,0.0,0.0,0.0,0.0,0.0,0.0,0.0,0.0,0.0,0.0,0.0018877122,0.0,0.0,0.0,0.0,-0.00059508736,0.0
hsa04964,N238,0.0,0.0,0.0,-3.150017e-05,0.0,0.0,0.0,0.0,0.0,0.0,0.0,0.0,-0.00026633413,-0.00051134767,0.0,-0.025987903,0.0,0.0,-0.0013470588,0.0,0.0,0.0,0.0,-0.00068063877,0.0
hsa04966,N239,0.0,0.0,0.0,0.0,0.0,9.312047e-05,0.0,0.0,0.0,0.0,0.0,0.0,0.0002325305,0.0,0.0,0.0,0.0,0.0,0.0,0.0,0.0,0.0,0.0,0.0,0.0
hsa04970,N240,0.00024291227,-0.00091671245,0.025022823,0.0016818683,-0.0024476908,0.0015921263,0.0016792696,-0.017021062,0.0033090576,0.0,-0.0071172924,-0.002615312,-0.0015820209,0.0020756526,0.0,-0.022049006,0.0008323683,-0.0069466233,-0.00024503292,-0.00025002987,0.0012441266,0.0009819553,8.459485e-05,0.001932789,0.0045257136
hsa04971,N241,0.0,0.0010292907,0.0,0.00034140958,0.0,0.00066637335,0.0004115873,0.0008824483,0.0005359863,0.0,0.0,0.0,0.00023437498,0.0,0.0,0.023218906,0.00041450915,0.0,0.0,0.0,0.000767302,0.00027078122,0.0,0.00070474023,0.0
hsa04972,N242,5.364684e-05,0.0,0.0,0.00064059335,0.0,6.459081e-05,0.0,0.0054478953,0.0,0.0,0.0,0.0,0.00033618856,0.0011958851,0.0,0.0004190263,1.6340095e-05,0.016038947,0.0,0.0,0.0,1.3387385e-05,0.0,0.0,0.0024421322
hsa04973,N243,8.344324e-05,-0.00022133676,0.003364024,0.000692064,0.0005056681,0.00063320296,0.00016860217,-0.010347017,0.0,0.0,-0.005886205,0.0016914312,0.00056782167,0.0008639905,0.0,0.017490761,0.0,0.0009259412,0.00058344787,0.0,0.0013451227,0.0003807305,0.0,0.0010876734,0.0018881201
hsa04974,N244,7.4792326e-05,-0.00014914642,7.036826e-05,7.7726705e-05,-0.0005381175,7.459693e-05,7.3499294e-05,9.433177e-05,6.653288e-05,-1.8326558e-05,8.153323e-05,0.00015021539,3.1400737e-05,6.8478555e-05,3.2391627e-06,8.305182e-05,-0.00015944093,7.351636e-05,-0.00018842597,0.00012235131,5.8994403e-05,4.3543154e-05,-0.001897255,6.681058e-05,7.109663e-05
hsa04975,N245,3.9662445e-05,8.018637e-05,9.780827e-05,0.00014596962,-0.00085216784,-0.00024687577,-0.00024558633,5.887455e-05,-0.00025855692,0.0,0.0,0.0,6.4653694e-05,0.00017081088,0.0,0.0,0.0,0.00011872339,-0.0010888485,0.0,0.0001971173,4.1243253e-05,0.0,6.920927e-05,0.00029816444
hsa04976,N246,3.7498914e-05,4.599765e-05,-0.006964962,-0.00049456576,6.568025e-05,3.1652235e-05,-9.548126e-05,-0.019903507,-0.00012484801,0.0,2.375476e-05,7.0512324e-05,4.559449e-05,4.597687e-05,-7.25274e-06,8.806189e-05,4.5709752e-05,-0.0060527837,8.160966e-05,-0.0019790432,-0.0016259989,2.332613e-05,6.8221e-05,5.0716975e-05,-0.0037901949
hsa04977,N247,-4.237833e-05,-7.556155e-05,-0.0004927397,0.0006255848,-0.00012526894,-9.881122e-05,0.0,-9.708222e-05,0.00025698752,0.0,0.0,-0.0002288137,0.00014371477,0.00086476107,0.0,0.0,0.0,-0.00015953038,-0.00012579223,0.0,-7.084214e-05,0.0,-0.00023235758,-5.1058636e-05,-0.00016986583
hsa04978,N248,0.00011421465,0.00035313691,0.005172006,0.00047233654,0.00025380842,0.0002527863,-7.015245e-07,0.0029903944,0.00044225116,0.0,-7.2675626e-05,5.0979714e-05,0.00023268044,0.00010099353,0.0,0.0064707464,0.0002010442,0.0006085885,0.00037331742,0.0,0.00060073676,-1.0415435e-05,0.00013256613,0.00011890496,0.00082822377
hsa04979,N249,2.5046204e-05,2.3111006e-05,0.0066063087,0.00011094023,0.0,0.0,0.0,0.008211648,0.0,0.0,0.0,0.0,0.0,0.0,0.0,0.0,0.0,0.0036964398,0.0,0.0,0.0004198255,2.0444235e-05,0.0,0.000121669524,0.0
hsa05010,N250,2.4085337e-05,3.2895576e-05,-0.0021861612,3.1514115e-05,3.4504745e-05,3.7433172e-05,3.147641e-05,-0.008190859,2.664673e-05,-0.000110300374,-0.0017194394,1.5832256e-06,-1.8934195e-05,2.867352e-05,0.0,-0.0006972398,-0.00011533519,3.4890276e-05,2.4988763e-05,-0.0036683138,3.1156545e-05,2.279391e-05,4.489996e-05,2.5739477e-05,3.1060845e-05
hsa05012,N251,4.4830413e-05,-5.213713e-05,-4.4791243e-05,-1.6446962e-05,-5.3582484e-05,-4.324789e-05,0.0001626881,-3.848832e-05,-4.111573e-05,-3.2575103e-05,-1.4466085e-05,-4.4695793e-05,1.1057627e-05,9.366687e-06,0.0,0.0,-2.464714e-05,-4.677014e-05,0.0002311591,-5.068719e-05,-4.6396483e-05,-2.9404186e-05,-7.272318e-05,1.8311744e-06,-4.9331356e-05
hsa05014,N252,-1.947336e-06,-1.7160512e-05,-3.2268188e-05,2.8786688e-05,-1.231692e-05,-3.5364988e-06,3.610631e-05,4.6160974e-05,2.3590508e-07,2.6178736e-06,0.0001287386,-1.2788882e-05,-4.1225367e-06,9.234844e-06,2.4484173e-06,0.00015255087,-7.40063e-07,-6.5932763e-06,-1.3080669e-05,-1.7126451e-05,-1.8557015e-05,-8.490769e-06,0.0,-1.2856189e-05,-1.9817024e-05
hsa05016,N253,6.1720864e-05,-0.0009030701,-0.0030760078,-8.72871e-06,-0.0009557343,0.00024461848,0.00014453969,-0.004026057,0.00014400664,1.4994681e-05,-0.004228235,-0.0010013196,-9.7385295e-05,-0.00042966794,-0.00011260284,-0.0009666963,-8.887835e-06,3.0249708e-05,-0.00027257123,0.000366821,-0.0013391012,-0.0001239799,0.0,-6.958898e-05,-0.0016300213
hsa05017,N254,5.8624453e-05,-0.0002131258,-0.0007135274,-0.0004221693,-0.00064955914,0.00020000868,0.00038282515,-0.00039827044,0.00061209145,0.0,-0.00057031494,-0.00019799483,-2.1742993e-05,-0.00039265805,-2.774488e-07,-0.0077661937,1.3503921e-05,-0.0001798491,0.0006884672,-1.0948972e-05,-0.00040600958,3.6518744e-05,0.0,0.00042685802,-0.0005642351
hsa05020,N255,5.7929574e-05,-5.7216057e-05,-0.00072002615,-0.0015026265,-0.00082009437,-0.00023779657,-0.0001953512,0.003959328,-0.000645709,5.7256682e-05,0.0036330456,-0.0018917349,2.3091186e-05,-0.0015999605,0.0,0.0022270984,-2.4864883e-05,-0.0005646078,-0.0011372739,-0.005860145,-0.0011915951,-0.0002939705,-0.00014669956,-0.0010607744,-0.0012802015
hsa05022,N256,0.0,0.0,0.0,-8.39562e-05,0.0,0.0,-2.9828163e-05,-0.00096569536,-4.578839e-05,0.0,0.0,0.0,0.0,0.0,0.0,0.0,0.0,-5.2376254e-05,0.0,0.0,0.0,0.0,0.0,0.0,0.0
hsa05030,N257,0.000407741,0.00031329208,-0.035628498,-0.00022006594,0.0006585596,0.00023572546,0.0002306687,-0.043924827,0.00013064871,0.0,0.0,0.000672698,2.6334596e-05,-0.00042573345,0.0,0.001749033,0.0,6.556404e-05,0.0006573113,-1.0033323e-06,0.00035014935,-3.5900077e-05,-0.00046888742,0.00036176597,-6.128599e-05
hsa05031,N258,-8.9370194e-05,6.346715e-05,-0.0021287533,0.00016668875,0.00060578587,0.0002529492,8.255492e-05,0.011642496,0.0001874289,0.0,0.0,-0.00028568815,-4.946822e-05,0.00051723677,-0.000116142866,-0.0021568676,0.0,0.00033593742,-6.7714864e-05,4.1338534e-08,0.00019051433,0.00015048869,6.587698e-05,0.00045148312,0.0008211572
hsa05032,N259,0.0,0.0,0.0,0.0,0.0,0.0,0.0,-0.031788513,0.0,0.0,0.0,0.0,0.0,0.0,0.0,-0.0074615423,0.0,0.0,0.0,0.0,0.0,0.0,0.0,0.0,0.0
hsa05033,N260,0.0,0.0,0.0,0.0,0.0,0.0,-2.3955105e-05,0.0,0.0,0.0,0.0,0.0,0.0,0.0,0.0,0.0,0.0,0.0,-0.00011019489,0.0,0.0,0.0,0.0,0.0,0.0
hsa05034,N261,5.0666607e-05,0.0,0.0035336418,0.0011987346,0.00053884776,3.9224014e-05,2.4195877e-05,0.05290492,0.0,0.0,0.0,0.00080348627,0.0,0.0011948207,0.0,0.0,0.0,0.00018242927,0.00032851732,0.0,0.0003902435,3.07191e-05,0.0,0.0,0.0005527676
hsa05100,N262,0.0,0.0,0.0,0.0,0.0,0.0,0.0,0.0,0.0,0.0,0.0,0.0,0.0,0.0,0.0,0.0,0.0,0.0,0.0,0.0,0.0,0.0,0.0,0.0,0.0
hsa05110,N263,0.0,0.0,0.0,0.0,0.0,0.0,0.0,0.0,0.0,0.0,0.0,0.0,0.0,-2.08046e-05,0.0,0.0,0.0,0.0,0.0,0.0,0.0,0.0,0.0,0.0,0.0
hsa05120,N264,0.0,1.2884884e-05,-0.011371536,0.0,0.0,0.0,0.0,-0.021913946,0.0,0.0,0.0,0.0,0.0,0.00017245568,0.0,0.0,0.0,0.0,0.0,0.0,-0.000113562855,0.0,0.0,0.0,0.0
hsa05130,N265,0.0,0.0,0.0,0.0,0.0,0.0,0.0,-0.0001344918,0.0,0.0,0.0,0.0,0.0,3.4978475e-05,0.0,0.0,0.0,0.0,-3.7447775e-05,0.0,0.00012145103,0.0,0.0,0.0,0.0
hsa05131,N266,0.0,4.4739958e-05,-0.0055565275,0.0,0.0,0.0,0.0,-0.02277245,0.0,0.0,0.0,0.0,0.0,0.0001980117,0.0,0.0,0.0,0.0,-0.0011084947,-0.0056511755,0.0,0.0,0.0,0.0,0.0
hsa05132,N267,0.0,0.0,-0.008168651,0.0,0.0,0.0,0.0,-0.01812826,0.0,0.0,0.0,0.0,0.0,-0.0003246718,0.0,0.0,0.0,0.0,0.0,-0.0051763924,-0.000736185,0.0,0.0,0.0,0.0
hsa05133,N268,0.0,0.0,0.0,0.0,0.0,0.0,0.0,0.0,0.0,0.0,0.0,0.0,0.0,-4.7683903e-07,0.0,0.0,0.0,0.0,0.0,-0.0021300202,-0.00016643708,0.0,0.0,0.0,0.0
hsa05134,N269,0.0,-0.00014921841,0.0,0.0,0.0,0.0,0.0,-0.004707111,0.0,0.0,0.0,0.0,0.0,-0.00020517426,0.0,0.0,0.0,0.0,-0.0004992446,-0.0066752005,-2.5001089e-05,0.0,0.0,0.0,0.0
hsa05135,N270,0.0,0.0,0.0039654514,0.0,0.0,0.0,0.0,-0.013659755,0.0,0.0,0.0,0.0,0.0,-4.5337136e-05,0.0,0.0,0.0,0.0,-0.00031343458,-0.011292824,-0.00022243883,0.0,0.0,0.0,0.0
hsa05140,N271,-5.326184e-05,0.0,0.0,-0.0006379908,0.0,-8.474775e-05,-0.00022306528,-0.0029681905,9.67084e-05,0.0,0.0,-0.00014680107,0.0,-2.099426e-05,0.0,0.0,0.0,-0.0005183078,0.0,0.0,-0.0016158691,0.0,0.0,-8.670768e-06,-0.0008181872
hsa05142,N272,-0.00018823083,0.00022493716,0.020097936,-0.0013991495,-0.0011935688,-0.0003570752,-0.00070512365,-0.0055842474,-0.0005147977,0.0,0.0,0.00050924905,0.0,0.0,0.0,0.0,0.0,-0.0008496734,-0.0016667105,0.013089412,-0.0023616902,-2.980528e-05,0.0,-1.3263532e-05,-0.0021198431
hsa05143,N273,3.651825e-05,0.00057342,0.0,0.0,0.0016022063,9.393165e-05,0.0,0.006021152,0.0,0.0,0.0,-0.0005754364,0.0,0.0,0.0,0.0,0.0,0.00041899586,0.0012046441,-8.367169e-05,0.0,4.0105115e-05,0.0,0.0,-0.00034419802
hsa05144,N274,0.00092562346,0.0,0.14944173,0.007167689,0.011157265,0.00089668756,0.002004026,0.060964834,0.0033456637,0.0,0.0,0.0083283605,0.0,6.0456576e-05,0.0,0.0,0.0,0.0058022505,0.011660101,0.018406037,0.014944343,9.727331e-05,0.0,0.003914301,0.0077416264
hsa05145,N275,0.0006742735,0.001872712,0.04784149,0.004075006,0.0054662204,0.0010535422,0.002106465,0.054832432,-1.4329229e-05,0.0,0.0,0.0024724903,0.0,0.000111956404,0.0,0.0,0.0,0.0030923826,0.0015191564,0.0,0.0075653596,0.00012374742,0.0,0.00073123514,0.004605349
hsa05146,N276,0.0,0.0007715749,0.08127848,0.0,0.0,0.0,0.0,0.0,0.0014656284,0.0,0.0,0.0048475834,0.0,0.0,0.0,0.0,0.0,0.0,0.0024225363,0.0033306442,0.0,0.0,0.0,9.675939e-05,0.0
hsa05150,N277,0.0,-0.00050206773,0.0,0.0,0.0,0.0,0.0,0.0,0.0,0.0,0.0,0.0,0.0,0.0,0.0,0.0,0.0,0.0,-0.00087856123,0.0,0.0,0.0,0.0,0.0,0.0
hsa05152,N278,0.0,0.0,0.0,0.0,0.0,0.0,0.0,0.0,0.0,0.0,0.0,0.0,0.0,0.0,0.0,0.0,0.0,0.0,0.0016618713,0.014538651,0.0,0.0,0.0,0.0,0.0
hsa05160,N279,-2.3239318e-05,-2.2102602e-05,0.0046904087,-0.0010678307,-0.0005025393,-0.00011147931,-0.00038231467,0.00054652133,-0.0008753331,3.695821e-05,-0.0073833787,-7.61039e-05,0.000118139236,0.00017374697,0.0,0.0,-0.00017343643,-0.00031983014,-0.000964453,-0.004389185,-0.00070271856,-0.00020215797,0.0,-1.9643892e-05,-0.00025664715
hsa05161,N280,0.0,0.0,0.0,-0.00079896225,0.0,0.0,0.0,0.0,-4.766607e-05,0.0,0.0,0.0,0.0,0.0,0.0,0.0,0.0,0.0,0.0,0.0,-0.0010847542,0.0,0.0,0.0,-0.000377582
hsa05162,N281,-0.00011900625,-0.00020297756,0.00026711382,-0.0011898375,-0.00024673122,-1.2510206e-05,-0.00067290716,-0.0006957941,-0.00081723894,0.0,0.0,0.00024677755,0.0,0.00037102518,0.0,0.0,-2.5521922e-05,-0.00034897984,0.00020750181,-0.0130405,-0.00019049538,7.663213e-05,0.0,0.00018094739,-0.0009278581
hsa05163,N282,0.0,-0.00026244798,0.0,0.0,0.0,0.0,0.0,0.0,-3.848262e-05,0.0,-0.0196873,-0.000577094,0.0,0.0,0.0,0.0,0.0,0.0,0.0,-0.0018879215,0.0,0.0,0.0,0.0,0.0
hsa05164,N283,0.0,0.0,0.0,0.0,0.0,0.0,0.0,0.0,-1.8679495e-05,0.0,0.0,0.0,0.0,0.0,0.0,0.0,0.0,0.0,-0.00011332087,-0.0027987876,-1.2677544e-05,0.0,0.0,0.0,0.0
hsa05165,N284,2.113199e-05,0.0,0.030214965,0.0,0.0019539264,0.00043676735,0.0,0.0008852224,0.0035259982,0.0,0.0,0.0,8.822852e-05,0.0039500147,0.0,0.0,8.754699e-06,0.0,0.001731834,0.0,0.003236549,0.0006850974,7.7427874e-05,0.00026767107,0.001928894
hsa05166,N285,0.0,0.0,0.0,-0.00043480683,0.0,0.0,0.0,0.0,-0.00014013078,0.0,0.0,-0.0007192261,0.0,0.0,0.0,0.0,0.0,0.0,-0.00090923713,0.0,-0.008789949,0.0,0.0,0.0,0.0
hsa05167,N286,0.0,0.0,-0.011460597,0.0,0.0,0.0,-0.0002182761,-0.018408097,0.0,0.0,-0.056875963,-0.007573047,0.0,-0.0022747698,0.0,-0.043486197,-0.0001226617,-0.0022298102,-0.008029257,-0.024479557,0.0,0.0,0.0,0.0,-0.0017339198
hsa05168,N287,9.1016045e-05,-0.0025564681,-0.004967745,0.00014935661,-0.0011915829,0.00057841814,0.0005969497,-0.008293702,-0.0031179576,0.0002911534,-0.0131025575,-0.00014349577,0.0,-0.0035499537,-3.453854e-05,-0.053400263,5.7056404e-05,0.0009456551,0.00080516987,0.004105025,-0.0024020176,0.0004643338,0.0021638642,0.000107944514,-0.00011748959
hsa05169,N288,-4.719587e-05,-0.0011614931,-0.008620691,0.0015912637,-0.0008036574,0.00039654403,0.001321036,0.00066102605,-0.0006264558,0.0,0.0,-0.00055042724,0.0,-0.00022439165,0.0,0.0,5.689119e-05,0.00019615437,-0.00018605117,-0.00018705067,0.0010138103,0.0009819095,0.0,0.00031011956,0.0016651246
hsa05170,N289,0.0,0.0,-0.0030350008,0.0,0.0,0.0,0.0,0.0,0.0,0.0,-0.0017683716,0.0,0.0,0.0,0.0,-0.007098216,-2.9904254e-06,-0.00017232382,0.0,-0.00100394,0.0,-9.111798e-05,0.0,-7.702989e-05,0.0
hsa05171,N290,0.0,0.0,0.0,0.0012619311,8.519204e-05,0.0,0.00015185072,0.0,0.00037731233,0.0,0.0,0.0,0.0,0.0,0.0,0.0,0.0,0.0002676472,0.0,0.0,0.0013238624,0.0,0.0,0.0,0.0008482169
hsa05200,N291,0.0,0.0,0.0,0.0,0.0,0.0,0.0,0.0,0.0,0.0,0.0,0.0,0.0,0.0,0.0,0.0,0.0,0.0,0.0,0.0,-0.00039421982,0.0,0.0,0.0,0.0
hsa05202,N292,0.0,0.0,0.0,0.00041589735,0.0,0.0,0.0,0.0,0.0,0.0,0.0,0.0,0.0,0.0,0.0,0.0,0.0,0.0,0.0006676535,0.0,0.0011960614,0.0,0.0,4.941231e-05,0.0
hsa05203,N293,0.0,0.0,0.0,0.0,0.0,0.0,0.0,-0.0020210706,-0.00019832565,0.0,-0.0015687558,-0.00018356604,-0.00014113475,0.0,0.0,-0.0044641066,0.0,0.0,-0.0007142277,0.0,0.0,0.0,0.0,0.0,0.0
hsa05204,N294,0.0,0.0,0.0,0.0,0.0,0.0,0.0,0.0,0.0,0.0,0.0,0.0,0.0,0.0,0.0,-0.0019496889,0.0,0.0,-0.00015193185,0.0,-0.00018543849,0.0,-0.0008185608,0.0,0.0
hsa05205,N295,0.0,0.0,0.0,-0.00014579715,0.0,0.0,0.0,0.0,0.0,0.0,0.0,0.0,0.0,-2.2748489e-05,0.0,0.0,0.0,-4.228216e-05,0.0,0.0,-9.9368466e-05,0.0,0.0,0.0,0.0
hsa05206,N296,0.0,0.0,0.0,9.08524e-06,0.0,0.0,0.0,0.0,3.5506418e-06,0.0,0.0,0.0,0.0,0.0,0.0,0.0,0.0,0.0,0.0,0.0,0.0,0.0,0.0,1.1528626e-05,0.0
hsa05207,N297,0.0,4.350812e-06,0.0,0.00018862271,0.0,0.0,0.0,0.00039567644,0.0,0.0,0.0,0.0,0.0,9.146833e-05,0.0,0.0,0.0,8.938744e-05,0.0,-1.5488564e-05,0.00070201093,2.4513582e-05,5.6482044e-05,-6.8292084e-06,0.0
hsa05208,N298,0.0,0.0,0.0,0.0,0.0,0.0,0.0,-0.0007018437,-9.065806e-05,0.0,0.0,0.0,0.0,0.0,0.0,0.0,0.0,0.0,0.0,0.0,-0.0003222259,-6.356634e-06,0.0,0.0,0.0
hsa05210,N299,0.0,0.0,0.0,7.3970084e-05,0.0,0.0,0.0,-0.0028229265,1.6319374e-05,0.0,0.0,0.0,0.0,0.0,0.0,0.0,0.0,0.0,0.0,0.0,0.00031056072,0.0,0.0,0.0,0.0
hsa05211,N300,0.0,0.0,0.0,0.0003588621,0.0,0.0,2.0660145e-05,0.009645427,5.3828957e-05,0.0,0.0,0.0,0.0,0.0005972447,0.0,0.0,0.0,0.000114245304,0.0010424409,0.0,0.0004676279,0.0,0.0,0.0,0.0
hsa05212,N301,0.0,0.0,0.0,0.0,0.0,0.0,0.0,0.0,0.0,0.0,0.0,0.0,0.0,-1.0026608e-05,0.0,0.0,0.0,0.0,0.0,0.0,0.0,0.0,0.0,0.0,0.0
hsa05213,N302,0.0,0.0,0.0,6.263445e-05,0.0,1.0566582e-06,0.0,0.006256392,1.0615543e-05,0.0,0.0,0.0,0.0,-0.00038028462,0.0,0.0,0.0,0.00023521033,4.572016e-05,0.0,-0.00044088182,0.0,0.0,0.0,-0.00033697518
hsa05214,N303,0.0,0.0,0.0,0.0,0.0,0.0,-1.4293221e-05,-0.00092992414,6.9475777e-06,0.0,0.0,0.0,0.0,0.0,0.0,0.0,0.0,0.0,3.776093e-05,0.0,0.0,0.0,0.0,0.0,0.0
hsa05215,N304,0.0,0.0,0.0,1.4053473e-05,0.0,1.2206447e-06,0.0,0.000671425,1.7155155e-06,0.0,0.0,0.0,0.0,-8.980131e-05,0.0,0.0,0.0,6.330437e-06,7.480653e-05,0.0,4.0061255e-05,0.0,0.0,0.0,-1.05549725e-05
hsa05216,N305,0.0,0.0,0.0,-2.163092e-05,0.0,-1.2469457e-06,0.0,0.0,-3.1848417e-06,0.0,0.0,0.0,0.0,-2.308549e-05,0.0,0.0,0.0,-6.7053757e-06,-1.1089714e-05,0.0,-2.9485105e-05,0.0,0.0,0.0,-2.4174598e-05
hsa05217,N306,0.0,0.0,0.0,0.0,0.0,-1.1516391e-06,-4.68048e-06,0.0,0.0,0.0,0.0,0.0,0.0,0.0,0.0,0.0,0.0,0.0,-7.3164683e-06,0.0,0.0,0.0,0.0,0.0,0.0
hsa05218,N307,0.0,0.0,0.0,0.0,0.0,0.0,0.0,0.0,0.0,0.0,0.0,0.0,0.0,-0.00016893233,0.0,0.0,0.0,0.0,0.0,0.0,0.0,0.0,0.0,0.0,0.0
hsa05219,N308,0.0,0.0,0.0,-3.8911048e-07,0.0,0.0,0.0,0.0,0.0,0.0,0.0,0.0,0.0,-8.6831344e-05,0.0,0.0,0.0,0.0,0.0,0.0,3.9112892e-05,0.0,0.0,0.0,8.010831e-06
hsa05220,N309,0.0,0.0,0.0,0.0,0.0,0.0,0.0,0.0,0.0,0.0,0.0,0.0,0.0,0.0,0.0,0.0,0.0,0.0,0.0,0.0,0.0,0.0,0.0,0.0,0.0
hsa05221,N310,0.0,0.0,0.0,0.0,0.0,0.0,0.0,0.0031309398,3.6334954e-05,0.0,0.0,0.0,0.0,0.00011338717,0.0,0.0,0.0,0.0,0.00016040372,0.0,0.00097175257,0.0,0.0,0.0,0.0003176626
hsa05222,N311,0.0,0.0,0.0,0.0,0.0,0.0,0.0,0.00097392447,8.388578e-05,0.0,0.0,0.0,0.0,0.0,0.0,0.0,0.0,0.0,-9.333258e-05,0.0,0.0,0.0,0.0,0.0,0.0
hsa05223,N312,0.0,0.0,0.0,0.0017739844,0.0,5.752851e-05,0.00017074944,0.0,0.00015628674,0.0,0.0,0.0,0.0,0.006777168,0.0,0.0,0.0,0.0009001562,0.0,0.0,0.0056304317,0.0,0.0,0.0,0.0034359822
hsa05224,N313,0.0,0.0,0.0,0.0,0.0,0.0,0.0,0.0,3.165126e-05,0.0,0.0,0.0,0.0,0.00064317154,0.0,0.0,0.0,0.0,0.00030385845,0.0,0.0,0.0,0.0,0.0,0.0
hsa05225,N314,0.0,0.0,0.0,-4.994585e-07,0.0,8.979903e-10,-5.991326e-08,0.0,-9.024935e-09,0.0,0.0,0.0,0.0,-2.9855786e-07,0.0,0.0,0.0,0.0,0.0,0.0,-4.038639e-07,0.0,0.0,0.0,-1.2620364e-07
hsa05226,N315,0.0,0.0,0.0,0.0,0.0,0.0,9.5871685e-05,0.0060658334,0.0,0.0,0.0,0.0,0.0,0.0027363382,0.0,0.0,0.0,0.00025805354,0.00061967503,0.0,0.0037550433,0.0,0.0,0.0,0.0015899502
hsa05230,N316,0.0,0.0,-0.00011245647,0.0,0.0,0.0,0.0,0.0,-0.000109047876,0.0,-0.00903181,0.0,0.0,0.0,0.0,0.0,-0.00022655679,-0.00020494909,-0.000117400006,-0.0010072511,0.0,0.0,0.0,0.0,0.0
hsa05231,N317,9.910869e-06,-0.00018861186,-0.0004040633,3.5820984e-05,-0.00040933638,-0.00020060007,0.00023898468,-0.00059959304,-0.00012698463,0.0,0.0035674106,-0.00032590446,9.2828646e-05,-0.0007170149,-1.7222059e-05,-0.0018689041,-1.1212309e-05,-0.0001947344,0.00028163695,8.298007e-05,-0.00047025076,-0.00020789061,0.0,0.00027300642,-0.0004260971
hsa05235,N318,8.0115526e-05,-9.7421565e-05,6.8260255e-05,-0.00017732855,0.00020283922,0.00011039336,0.000120740675,0.00010531301,9.655414e-05,0.0,-0.0007290628,0.00013359202,0.0,0.00012355512,0.0,0.0,0.0,0.00010535576,-0.00014158797,-9.763622e-06,8.936054e-05,9.0943475e-05,0.0,4.0948624e-05,-0.00023534747
hsa05310,N319,0.0,0.0,0.0,0.0,0.0,0.0,0.0,0.0,0.0,0.0,0.0,-0.00013188984,0.0,0.0,0.0,0.0,0.0,0.0,0.0,0.0,0.0,0.0,0.0,0.0,0.0
hsa05320,N320,0.0,0.0,0.0,0.0,0.0,0.0,0.0,0.0,0.0,0.0,0.0,-1.7921234e-06,0.0,0.0,0.0,0.0,0.0,0.0,0.0,0.0,0.0,0.0,0.0,0.0,0.0
hsa05321,N321,0.0,0.0,0.0,0.0,0.0,0.0,0.0,0.0,0.0,0.0,0.0,0.0,0.0,0.0,0.0,0.0,0.0,0.0,0.0,0.0,0.0,0.0,0.0,0.0,0.0
hsa05322,N322,0.0,0.0,0.0,0.0,0.0,0.0,0.0,0.0,0.0,0.0,0.0,-0.00015736259,0.0,0.0,0.0,0.0,0.0,0.0,0.0,0.0,0.0,0.0,0.0,0.0,0.0
hsa05323,N323,0.0,0.0,0.0,0.0,0.0,0.0,0.0,0.0,0.0,0.0,2.8499091e-05,0.0,0.0,0.0,0.0,0.0,0.0,0.0,0.0,0.0,0.0,0.0,0.0,0.0,0.0
hsa05330,N324,0.0,0.0,0.0,0.0,0.0,0.0,0.0,0.0,0.0,0.0,0.0,0.0,0.0,0.0,0.0,0.0,0.0,0.0,0.0,0.0,0.0,0.0,0.0,0.0,0.0
hsa05332,N325,0.0,0.0,0.0,0.0,0.0,0.0,0.0,0.0,0.0,0.0,0.0,0.0,0.0,0.0,0.0,0.0,0.0,0.0,0.0,0.0,0.0,0.0,0.0,0.0,0.0
hsa05340,N326,0.0,0.0,0.0,0.0,0.0,0.0,0.0,0.0,0.0,0.0,0.07850526,0.00080034346,0.0,0.0,0.0,0.0,0.0,0.0,0.0,0.0,0.0,0.0,0.0,0.0,0.0
hsa05410,N327,0.0,0.0,0.0,0.0,0.0,0.0,0.0,0.0,-0.00020167035,0.0,0.0,0.0,0.0,-0.00016464695,0.0,0.0,0.0,0.0,0.0,-0.00066254294,0.0,0.0,0.0,0.0,0.0
hsa05412,N328,-0.0003376502,-0.0007377024,0.013235619,-0.00096927513,-0.0015863015,-0.00049751194,-0.0009069032,-0.0074999435,0.00022076709,7.8270505e-06,0.0,-0.0017186359,-0.00058585056,-0.0016225728,-0.00046720056,-0.018018954,0.0,-0.0009912218,-0.00021228104,-0.0020762272,-0.0022043244,-9.0259346e-05,0.002180697,-2.1716503e-05,-0.0029561329
hsa05414,N329,-0.00071886776,0.0019371286,-0.011002328,-0.0043219533,-0.0034109233,-0.00065673015,-0.0033989158,-0.0135155395,-0.0020579628,-0.00029135542,-0.053128995,-0.003684211,1.2218043e-06,-0.0038736349,-0.001353552,-0.052077457,0.00017717923,-0.0015911967,-0.0019057207,-0.006792967,-0.006559683,0.00014334725,-0.0028974854,-0.0011819719,-0.0050846855
hsa05415,N330,0.0,0.0,0.016714176,0.0,0.0,0.0,0.0,0.0,0.0,0.0,0.0,0.0,0.0,0.0,0.0,0.0,0.0,0.0,0.0,0.0,0.0,0.0,0.0,0.0,0.0
hsa05416,N331,0.0,-0.0010457927,-0.0008494946,-0.0012045389,-0.0004492147,-0.0002895455,-0.0004249108,-0.0003976335,-2.419373e-05,0.0,0.010065716,0.0008162986,0.0,-0.00060841197,0.0,0.0,-0.0003086584,-0.0004284016,1.6927755e-05,0.0,-0.0013687344,-0.00051137817,0.0,-0.00086297374,-0.001826932
hsa05417,N332,0.0,0.0,0.0,0.0,0.0,0.0,0.0,0.0,0.0,0.0,0.0,0.0,0.0,0.0,0.0,0.0,0.0,0.0,0.00010611997,0.0,0.0,0.0,0.0,0.0,0.0
hsa05418,N333,-0.00019008043,-0.00068919116,-0.015690727,0.00026032067,-1.8637984e-05,-0.00028954193,0.00030782577,-0.0050551775,-0.00033273923,0.0,0.0,-0.0016879292,0.0,-0.00015201955,0.0,0.0,-2.9939783e-06,-0.0007458604,-0.00048799766,-0.0016869501,-0.0005064436,-0.00019492621,0.0,-0.00019292827,-0.0009345014
